"Id";"Id Siecle";"Type";"Nom";"Prénom";"Login";"Alias de login";"Code d'activation";"Fonction(s)";"Structure(s)";"Classe(s)";"Enfant(s)";"Parent(s)"
"310701";"";"Enseignant";"ALSTON001";"Kellyana";"kellyana.alston001";"kellyana.alston001";"";"SANS SPECIALITE";"E.E.PU-MOULIN DU COMTE-RENNES";"";"";""
"1031393";"";"Enseignant";"BRUNI001";"Murielle";"murielle.bruni001";"murielle.bruni001";"";"ENFANTS DU VOYAGE";"E.E.PU-MOULIN DU COMTE-RENNES";"";"";""
"13953";"";"Enseignant";"FARRELL001";"Carole-Laure";"carole-laure.farrell001";"carole-laure.farrell001";"rzykk66n";"SANS SPECIALITE";"E.E.PU-MOULIN DU COMTE-RENNES";"";"";""
"390279";"";"Enseignant";"HIGGS001";"Vicki";"vicki.higgs001";"vicki.higgs001";"gxsfxxvc";"ANGLAIS";"E.E.PU-MOULIN DU COMTE-RENNES";"";"";""
"306807";"";"Enseignant";"LESTER001";"Archange";"archange.lester001";"archange.lester001";"y7gnff4x";"SANS SPECIALITE";"E.E.PU-MOULIN DU COMTE-RENNES";"";"";""
"340805";"";"Enseignant";"MILNER001";"Hayfa";"hayfa.milner001";"hayfa.milner001";"m5gk84jx";"ACCUEIL PRIMO ARRIVANTS";"E.E.PU-MOULIN DU COMTE-RENNES";"";"";""
"52635";"";"Enseignant";"TWIGG001";"Melaine";"melaine.twigg001";"melaine.twigg001";"";"SANS SPECIALITE";"E.E.PU-MOULIN DU COMTE-RENNES";"";"";""
"1543412";"";"Enseignant";"UDDIN001";"Laurentie";"laurentie.uddin001";"laurentie.uddin001";"";"SANS OBJET";"E.E.PU-MOULIN DU COMTE-RENNES";"";"";""
"478324";"";"Enseignant";"VOHAR001";"Eden-Rose";"eden-rose.vohar001";"eden-rose.vohar001";"bcskdgzm";"SANS SPECIALITE";"E.E.PU-MOULIN DU COMTE-RENNES";"";"";""
"1257969";"";"Élève";"ARAKH001";"Kenzi";"kenzi.arakh001";"kenzi.arakh001";"pcpw5a8j";"";"E.E.PU-MOULIN DU COMTE-RENNES";"228492 - CE2";"";"Sylvan RISHWAN001, Olida CAIAZZO001"
"1448169";"";"Élève";"AZMEE001";"Ellena";"ellena.azmee001";"ellena.azmee001";"rtb4tvpc";"";"E.E.PU-MOULIN DU COMTE-RENNES";"228510 - CM2";"";"Théodora CONNELLY001, Alev GUNNING001"
"752588";"";"Élève";"BAISY001";"Gwenael";"gwenael.baisy001";"gwenael.baisy001";"na3xcvv6";"";"E.E.PU-MOULIN DU COMTE-RENNES";"228510 - CM2";"";"Seren TAGLIAFERRI001, Maxen FAREEDHA001"
"1152120";"";"Élève";"BALL001";"Shemsi";"shemsi.ball001";"shemsi.ball001";"ns4rwvkb";"";"E.E.PU-MOULIN DU COMTE-RENNES";"228492 - CE2";"";"Ahkim THIAM001, François-Olivier BAMNIY001"
"1882211";"";"Élève";"BASSI001";"Riheb";"riheb.bassi001";"riheb.bassi001";"mbzvjmez";"";"E.E.PU-MOULIN DU COMTE-RENNES";"228510 - CM2";"";"Tywan FERRETTI001, Moraya RAUSHAN001"
"1811845";"";"Élève";"BERGAGNIN001";"Loumea";"loumea.bergagnin001";"loumea.bergagnin001";"v5y6s95f";"";"E.E.PU-MOULIN DU COMTE-RENNES";"228504 - CE2";"";"Margarete NEEZA001, Chems-Eddine UGOLINI001"
"1519068";"";"Élève";"BERTHE001";"Kiéran";"kieran.berthe001";"kieran.berthe001";"5n9p6xsy";"";"E.E.PU-MOULIN DU COMTE-RENNES";"228503 - CE1";"";"Stéfanie KAREEM001"
"1306275";"";"Élève";"BETTI001";"Kinsey";"kinsey.betti001";"kinsey.betti001";"fcdhk3f8";"";"E.E.PU-MOULIN DU COMTE-RENNES";"228490 - CP";"";"Albanne IHSANA001, Madiane AZEEZA001"
"50220";"";"Élève";"BEVAN001";"Marie-Denise";"marie-denise.bevan001";"marie-denise.bevan001";"gpthhrgx";"";"E.E.PU-MOULIN DU COMTE-RENNES";"228495 - CM1";"";"Safak TOOMEY001, Renetta KANDANAW001"
"873208";"";"Élève";"BIANCO001";"Marie-Karine";"marie-karine.bianco001";"marie-karine.bianco001";"gsee4dpg";"";"E.E.PU-MOULIN DU COMTE-RENNES";"228502 - CE1";"";"Rimes DI001, Marie-Agathe WHITTAKER001"
"1732654";"";"Élève";"BISTA001";"Abira";"abira.bista001";"abira.bista001";"wx97bm43";"";"E.E.PU-MOULIN DU COMTE-RENNES";"228490 - CP";"";"Aldine TATWA001, Nacim FAZEEN001"
"1596792";"";"Élève";"BLACKBURN001";"Yamine";"yamine.blackburn001";"yamine.blackburn001";"8sx76emm";"";"E.E.PU-MOULIN DU COMTE-RENNES";"228495 - CM1";"";"Djahid KAPAD001, Efsa SIYAZ001"
"1311014";"";"Élève";"BRADY001";"Elyse";"elyse.brady001";"elyse.brady001";"bxns548g";"";"E.E.PU-MOULIN DU COMTE-RENNES";"228502 - CE1";"";"Memet CORTI001, Thais DIXON001"
"971805";"";"Élève";"BROOKES001";"Benedetto";"benedetto.brookes001";"benedetto.brookes001";"3mteg88w";"";"E.E.PU-MOULIN DU COMTE-RENNES";"228502 - CE1";"";"Jean-Arnaud BARADJI001, Kevine BOTE001"
"1167149";"";"Élève";"CAHILL001";"Tamas";"tamas.cahill001";"tamas.cahill001";"mp8pnkyp";"";"E.E.PU-MOULIN DU COMTE-RENNES";"228498 - CP";"";"Inâya SABAH001, Jounaidi FARHAN001"
"1670575";"";"Élève";"CARLINI001";"Nawfel";"nawfel.carlini001";"nawfel.carlini001";"ck74kx5f";"";"E.E.PU-MOULIN DU COMTE-RENNES";"228490 - CP";"";"Meilys HENRY001"
"348092";"";"Élève";"CASTELLANI001";"Nayana";"nayana.castellani001";"nayana.castellani001";"hdjdxdnm";"";"E.E.PU-MOULIN DU COMTE-RENNES";"228510 - CM2";"";"Calixte BALDO001, Romualdo NOOMAN001"
"1593973";"";"Élève";"CAVALLARO001";"Gorica";"gorica.cavallaro001";"gorica.cavallaro001";"bf58g88k";"";"E.E.PU-MOULIN DU COMTE-RENNES";"228502 - CE1";"";"Guy-Daniel STOTT001, Ryo KUNVAR001"
"1377815";"";"Élève";"CAVANAGH001";"Bambo";"bambo.cavanagh001";"bambo.cavanagh001";"swrrs7t7";"";"E.E.PU-MOULIN DU COMTE-RENNES";"228498 - CP";"";"Lioba ADNAN001, Oways SURYAVANSI001"
"360134";"";"Élève";"CAWLEY001";"Mantia";"mantia.cawley001";"mantia.cawley001";"xy4d6fec";"";"E.E.PU-MOULIN DU COMTE-RENNES";"228492 - CE2";"";"Théodora CONNELLY001, Alev GUNNING001"
"679415";"";"Élève";"CHANTYAL001";"Émeline";"emeline.chantyal001";"emeline.chantyal001";"m46jsn4r";"";"E.E.PU-MOULIN DU COMTE-RENNES";"228495 - CM1";"";"Kéren RAFEEQ001, Ovidio MILLINGTON001"
"1148145";"";"Élève";"CLINTON001";"Pierig";"pierig.clinton001";"pierig.clinton001";"78zxprpn";"";"E.E.PU-MOULIN DU COMTE-RENNES";"228510 - CM2";"";"Tugce CARBONE001, Abdourahman BHADEL001"
"831028";"";"Élève";"COONEY001";"Léonard";"leonard.cooney001";"leonard.cooney001";"evdzw84t";"";"E.E.PU-MOULIN DU COMTE-RENNES";"228504 - CE2";"";"Amarante SAVIO001, Taho LYNAM001"
"1035146";"";"Élève";"CURTIN001";"Mei-Li";"mei-li.curtin001";"mei-li.curtin001";"fd8f3rjx";"";"E.E.PU-MOULIN DU COMTE-RENNES";"228503 - CE1";"";"Abrar CASSERLY001, Swen DEVI001"
"1765136";"";"Élève";"D'ANNA001";"Boudjemaa";"boudjemaa.danna001";"boudjemaa.danna001";"jfe8cm7j";"";"E.E.PU-MOULIN DU COMTE-RENNES";"228510 - CM2";"";"Gontran CIDI001"
"488187";"";"Élève";"D'AURIA001";"Zouber";"zouber.dauria001";"zouber.dauria001";"6v85vfsp";"";"E.E.PU-MOULIN DU COMTE-RENNES";"228495 - CM1";"";"Ghali IHSAN001, Rosia DOOLEY001"
"1035823";"";"Élève";"DALTON001";"Bertan";"bertan.dalton001";"bertan.dalton001";"hjezwnp7";"";"E.E.PU-MOULIN DU COMTE-RENNES";"228492 - CE2";"";"Sofines ROHAN001"
"1778579";"";"Élève";"DANUWAR001";"Crocifissa";"crocifissa.danuwar001";"crocifissa.danuwar001";"wj5dwne6";"";"E.E.PU-MOULIN DU COMTE-RENNES";"228490 - CP";"";"Renaud SHIFAAN001, Gerd BONATO001"
"1938205";"";"Élève";"DAWES001";"Javier";"javier.dawes001";"javier.dawes001";"tzkx3mgz";"";"E.E.PU-MOULIN DU COMTE-RENNES";"228502 - CE1";"";"Constant CATALDO001, Nise ARCAY001"
"248515";"";"Élève";"DELFINO001";"Kevser";"kevser.delfino001";"kevser.delfino001";"6s9kpkt7";"";"E.E.PU-MOULIN DU COMTE-RENNES";"228494 - CM1";"";"Edie WHYTE001"
"293306";"";"Élève";"DEMBELE001";"Erda";"erda.dembele001";"erda.dembele001";"9vkwc4kc";"";"E.E.PU-MOULIN DU COMTE-RENNES";"228495 - CM1";"";"Kezian O'LOUGHLIN001"
"1208595";"";"Élève";"DENNEHY001";"Kader";"kader.dennehy001";"kader.dennehy001";"3yjkyz4d";"";"E.E.PU-MOULIN DU COMTE-RENNES";"228494 - CM1";"";"Raul FIRUSHAN001, Tanis PENNINGTON001"
"1154400";"";"Élève";"DI001";"Eliyah";"eliyah.di001";"eliyah.di001";"jhsrr8ev";"";"E.E.PU-MOULIN DU COMTE-RENNES";"228503 - CE1";"";"Clint MARRONE001, Mayka FORAN001"
"1533279";"";"Élève";"DUANE001";"Loan";"loan.duane001";"loan.duane001";"e8mn4cmf";"";"E.E.PU-MOULIN DU COMTE-RENNES";"228503 - CE1";"";"Kalathoumi ANDREW001, Jahin HOLDEN001"
"643936";"";"Élève";"DUSADHIN001";"Melynn";"melynn.dusadhin001";"melynn.dusadhin001";"gxjtpnm4";"";"E.E.PU-MOULIN DU COMTE-RENNES";"228492 - CE2";"";"Maillie JIREL001, Thaddee KEVARAT001"
"523181";"";"Élève";"EASA001";"Ward";"ward.easa001";"ward.easa001";"r8sc9zpd";"";"E.E.PU-MOULIN DU COMTE-RENNES";"228495 - CM1";"";"Lhéa DUDLEY001"
"1445881";"";"Élève";"FIORILLO001";"Keliana";"keliana.fiorillo001";"keliana.fiorillo001";"fb7bjw5v";"";"E.E.PU-MOULIN DU COMTE-RENNES";"228503 - CE1";"";"Kenna MOSS001"
"547271";"";"Élève";"FLEMING001";"Soulaiman";"soulaiman.fleming001";"soulaiman.fleming001";"gtmt7xrs";"";"E.E.PU-MOULIN DU COMTE-RENNES";"228494 - CM1";"";"Mezyan ZEENA001, Jayleen QUINTAL-MEAKIN001"
"1208321";"";"Élève";"GABRIELE001";"Marie-Léna";"marie-lena.gabriele001";"marie-lena.gabriele001";"mkjarmkg";"";"E.E.PU-MOULIN DU COMTE-RENNES";"228492 - CE2";"";"Soisik REMIT001, Djelani TEME001"
"1623500";"";"Élève";"GENOVESE001";"Prescilya";"prescilya.genovese001";"prescilya.genovese001";"crdyhn5c";"";"E.E.PU-MOULIN DU COMTE-RENNES";"228510 - CM2";"";"Auxence NIANGALY001, Lize JOLHA001"
"1729255";"";"Élève";"GILROY001";"Nesli";"nesli.gilroy001";"nesli.gilroy001";"33gjh6jb";"";"E.E.PU-MOULIN DU COMTE-RENNES";"228504 - CE2";"";"Haiden EDMONDS001, Romaysa CHIANESE001"
"506133";"";"Élève";"GIORGETTI001";"Ibtihal";"ibtihal.giorgetti001";"ibtihal.giorgetti001";"trzc38wh";"";"E.E.PU-MOULIN DU COMTE-RENNES";"228492 - CE2";"";"Ophély BAMJAN001, Rassim MCELHINNEY001"
"733835";"";"Élève";"GODFREY001";"Salhia";"salhia.godfrey001";"salhia.godfrey001";"mks4cv4z";"";"E.E.PU-MOULIN DU COMTE-RENNES";"228490 - CP";"";"Marcela DUKE001, Jamal-Eddine ERAM001"
"956188";"";"Élève";"GREENING001";"Marie-Beatrix";"marie-beatrix.greening001";"marie-beatrix.greening001";"dxm6m7dw";"";"E.E.PU-MOULIN DU COMTE-RENNES";"228498 - CP";"";"Marylie KUMAL001, Timaé MUFEEDA001"
"1742421";"";"Élève";"GROGAN001";"Nidale";"nidale.grogan001";"nidale.grogan001";"8es3neyn";"";"E.E.PU-MOULIN DU COMTE-RENNES";"228498 - CP";"";"Elyna JAGRI001"
"1455587";"";"Élève";"GROSE001";"Aimé";"aime.grose001";"aime.grose001";"wfgynbrw";"";"E.E.PU-MOULIN DU COMTE-RENNES";"228498 - CP";"";"Swen SHAUGHNESSY001, Aimery DHEEMA001"
"659879";"";"Élève";"GUARNIERI001";"Ozlem";"ozlem.guarnieri001";"ozlem.guarnieri001";"cscng4zb";"";"E.E.PU-MOULIN DU COMTE-RENNES";"228504 - CE2";"";"Bessem LONGO001, Jeden RUTLEDGE001"
"1106120";"";"Élève";"HACKETT001";"Floréal";"floreal.hackett001";"floreal.hackett001";"kstk4h36";"";"E.E.PU-MOULIN DU COMTE-RENNES";"228490 - CP";"";"Semia MCHALE001"
"639059";"";"Élève";"HACKETT001";"Lucie";"lucie.hackett001";"lucie.hackett001";"r75rvxkx";"";"E.E.PU-MOULIN DU COMTE-RENNES";"228504 - CE2";"";"Nina-Lou FRANCHINI001, Elyssa KEMP001"
"529523";"";"Élève";"HAIDARA001";"Emanuella";"emanuella.haidara001";"emanuella.haidara001";"3j4f7r7p";"";"E.E.PU-MOULIN DU COMTE-RENNES";"228494 - CM1";"";"Ahed DHANUK001, Franklin AGLEEM001"
"1790987";"";"Élève";"HALPIN001";"Sanka";"sanka.halpin001";"sanka.halpin001";"ykzdhkf3";"";"E.E.PU-MOULIN DU COMTE-RENNES";"228494 - CM1";"";"Anel SHAFEEGA001, Juliàn SHAROONA001"
"850380";"";"Élève";"HAND001";"Mahon";"mahon.hand001";"mahon.hand001";"zjmf4ng3";"";"E.E.PU-MOULIN DU COMTE-RENNES";"228492 - CE2";"";"Mayalen RIVIERE001"
"1080069";"";"Élève";"HARNEY001";"Jaymie";"jaymie.harney001";"jaymie.harney001";"6ja9h5bf";"";"E.E.PU-MOULIN DU COMTE-RENNES";"228490 - CP";"";"Adelio THADA001, Mattews FIGIR001"
"1696161";"";"Élève";"HAYES001";"Héméra";"hemera.hayes001";"hemera.hayes001";"tgnem4jm";"";"E.E.PU-MOULIN DU COMTE-RENNES";"228498 - CP";"";"Antonino POUDIOUGO001, Safia TWOMEY001"
"614669";"";"Élève";"HEYWOOD001";"Manau";"manau.heywood001";"manau.heywood001";"f6dmawrb";"";"E.E.PU-MOULIN DU COMTE-RENNES";"228492 - CE2";"";"Renaud SHIFAAN001, Gerd BONATO001"
"1420083";"";"Élève";"HORTON001";"Deborath";"deborath.horton001";"deborath.horton001";"a3hgkx68";"";"E.E.PU-MOULIN DU COMTE-RENNES";"228494 - CM1";"";"Anath MENZIES001, Chiheb ERWIN001"
"712208";"";"Élève";"HUMAGAI001";"Orthense";"orthense.humagai001";"orthense.humagai001";"sx7gfk6a";"";"E.E.PU-MOULIN DU COMTE-RENNES";"228495 - CM1";"";"Keith CALDER001, Dilhan HARIJAN001"
"941904";"";"Élève";"HURST001";"Kinta";"kinta.hurst001";"kinta.hurst001";"k3ff3pxz";"";"E.E.PU-MOULIN DU COMTE-RENNES";"228494 - CM1";"";"Alizé PETIT001"
"287021";"";"Élève";"HUSHAM001";"Dastane";"dastane.husham001";"dastane.husham001";"f5sty9fv";"";"E.E.PU-MOULIN DU COMTE-RENNES";"228495 - CM1";"";"Praise MASSICKS001, Serguei FAREESHA001"
"861793";"";"Élève";"IANNONE001";"Siley";"siley.iannone001";"siley.iannone001";"vs3c4mbb";"";"E.E.PU-MOULIN DU COMTE-RENNES";"228495 - CM1";"";"June TOMAT001, Wisdom O'HARE001"
"852114";"";"Élève";"INASA001";"Yolita";"yolita.inasa001";"yolita.inasa001";"zmn4xh8h";"";"E.E.PU-MOULIN DU COMTE-RENNES";"228503 - CE1";"";"Galen NAZLEEN001, Loyan MACE001"
"901722";"";"Élève";"JAILAM001";"Lou";"lou.jailam001";"lou.jailam001";"3bpaxr35";"";"E.E.PU-MOULIN DU COMTE-RENNES";"228510 - CM2";"";"Helyett OWEN001"
"1916880";"";"Élève";"JENKINS001";"Ly";"ly.jenkins001";"ly.jenkins001";"x47bthf6";"";"E.E.PU-MOULIN DU COMTE-RENNES";"228492 - CE2";"";"Vedran BOLER001, Celeste FAHERTY001"
"1266425";"";"Élève";"KANVAR001";"Omaïma";"omaima.kanvar001";"omaima.kanvar001";"cyb6m3rw";"";"E.E.PU-MOULIN DU COMTE-RENNES";"228490 - CP";"";"Eurielle HORTON001, Abibou ATHIFA001"
"1397583";"";"Élève";"KAPADI001";"Tého";"teho.kapadi001";"teho.kapadi001";"7ryjz753";"";"E.E.PU-MOULIN DU COMTE-RENNES";"228504 - CE2";"";"Joachine READ001, Ademar NOWELL001"
"18035";"";"Élève";"KATEL001";"Levis";"levis.katel001";"levis.katel001";"jk77mj63";"";"E.E.PU-MOULIN DU COMTE-RENNES";"228510 - CM2";"";"Mitsuko THOLAAL001, Medi ROMAGNOLI001"
"1886396";"";"Élève";"KEAVENEY001";"Anouck";"anouck.keaveney001";"anouck.keaveney001";"rwcgnbsn";"";"E.E.PU-MOULIN DU COMTE-RENNES";"228495 - CM1";"";"Cham TRAKULSRI001, Lilien GADERI001"
"402650";"";"Élève";"KESI001";"Nussayba";"nussayba.kesi001";"nussayba.kesi001";"4jdngx3d";"";"E.E.PU-MOULIN DU COMTE-RENNES";"228502 - CE1";"";"Aymen LINEHAN001, Hannene HOLDER001"
"480344";"";"Élève";"KEYES001";"Linsey";"linsey.keyes001";"linsey.keyes001";"btsbpnr7";"";"E.E.PU-MOULIN DU COMTE-RENNES";"228490 - CP";"";"Haiden EDMONDS001, Romaysa CHIANESE001"
"1817084";"";"Élève";"KHADGE001";"Albert";"albert.khadge001";"albert.khadge001";"578zseyg";"";"E.E.PU-MOULIN DU COMTE-RENNES";"228495 - CM1";"";"Kathy DEVITT001, Chafika BAXTER001"
"1233593";"";"Élève";"KUJARNI001";"Thïago";"thiago.kujarni001";"thiago.kujarni001";"znhjgmb6";"";"E.E.PU-MOULIN DU COMTE-RENNES";"228492 - CE2";"";"Adelio THADA001, Mattews FIGIR001"
"469407";"";"Élève";"LAMBERTI001";"Soleen";"soleen.lamberti001";"soleen.lamberti001";"xemyndm3";"";"E.E.PU-MOULIN DU COMTE-RENNES";"228502 - CE1";"";"Karl FITZSIMONS001, Sören BHATTARAI001"
"1479540";"";"Élève";"LAMINI001";"Modou";"modou.lamini001";"modou.lamini001";"fks7nx33";"";"E.E.PU-MOULIN DU COMTE-RENNES";"228498 - CP";"";"Noelys MARICO001, Charafdine PELEP001"
"1275678";"";"Élève";"LEENA001";"Honorat";"honorat.leena001";"honorat.leena001";"sev6wz3x";"";"E.E.PU-MOULIN DU COMTE-RENNES";"228494 - CM1";"";"Taklit DALLAKOTI001, Ernst ALDRIDGE001"
"1217568";"";"Élève";"LILLEY001";"Leely";"leely.lilley001";"leely.lilley001";"dnythkdk";"";"E.E.PU-MOULIN DU COMTE-RENNES";"228495 - CM1";"";"Jordi SUZANA001, Gontran CIDI001"
"1265079";"";"Élève";"LOMAWAI001";"Pierryck";"pierryck.lomawai001";"pierryck.lomawai001";"ppctkfkk";"";"E.E.PU-MOULIN DU COMTE-RENNES";"228503 - CE1";"";"Xavier-François OSBOURNE001, Khanh MAUMOON001"
"1517968";"";"Élève";"LUPI001";"Sellam";"sellam.lupi001";"sellam.lupi001";"ndx48ssx";"";"E.E.PU-MOULIN DU COMTE-RENNES";"228498 - CP";"";"Sevgi URAMV001, Ghalem GARDNER001"
"44795";"";"Élève";"MACCHI001";"Sati";"sati.macchi001";"sati.macchi001";"xb3ydmr8";"";"E.E.PU-MOULIN DU COMTE-RENNES";"228495 - CM1";"";"Concha CUMMINS001, Brandone SAMEE001"
"27884";"";"Élève";"MACE001";"Milyan";"milyan.mace001";"milyan.mace001";"5tbm5w9e";"";"E.E.PU-MOULIN DU COMTE-RENNES";"228504 - CE2";"";"Camille BERGAMINI001, Manell FRANCHI001"
"1797389";"";"Élève";"MACNAMARA001";"Cybellia";"cybellia.macnamara001";"cybellia.macnamara001";"gcj6mc7y";"";"E.E.PU-MOULIN DU COMTE-RENNES";"228510 - CM2";"";"Tyssem ZANONI001, Nelio ZAMEEL001"
"1506669";"";"Élève";"MAGAR001";"Maël";"mael.magar001";"mael.magar001";"x55y6d33";"";"E.E.PU-MOULIN DU COMTE-RENNES";"228498 - CP";"";"Maissoun ASCIONE001, Emilly NORMAN001"
"1657759";"";"Élève";"MAGRI001";"Cunegonde";"cunegonde.magri001";"cunegonde.magri001";"gxmrce95";"";"E.E.PU-MOULIN DU COMTE-RENNES";"228510 - CM2";"";"Camron SIMKHAD001, Thoraya OSHEA001"
"72793";"";"Élève";"MALONE001";"Teddie";"teddie.malone001";"teddie.malone001";"m7ffmbew";"";"E.E.PU-MOULIN DU COMTE-RENNES";"228490 - CP";"";"Marie-Pascaline KONARE001"
"766107";"";"Élève";"MANIKU001";"Fethy";"fethy.maniku001";"fethy.maniku001";"zf5e7n7s";"";"E.E.PU-MOULIN DU COMTE-RENNES";"228502 - CE1";"";"Felina NIRAUL001, Ali-Riza SUGRUE001"
"41482";"";"Élève";"MARANGONI001";"Noodles";"noodles.marangoni001";"noodles.marangoni001";"hrtm6dvr";"";"E.E.PU-MOULIN DU COMTE-RENNES";"228503 - CE1";"";"Calicia GUIDA001"
"1388874";"";"Élève";"MAZZA001";"Adrianna";"adrianna.mazza001";"adrianna.mazza001";"48yvv6be";"";"E.E.PU-MOULIN DU COMTE-RENNES";"228502 - CE1";"";"Salvadore NOBBS-MCCOWAN001, Mickaëlle FORTUNATO001"
"606230";"";"Élève";"MCGINN001";"Francois";"francois.mcginn001";"francois.mcginn001";"cptrnvsz";"";"E.E.PU-MOULIN DU COMTE-RENNES";"228490 - CP";"";"Hope KSATRI001, Andrés GRUBE001"
"272500";"";"Élève";"MCGUIRK001";"Imany";"imany.mcguirk001";"imany.mcguirk001";"ag6jbk68";"";"E.E.PU-MOULIN DU COMTE-RENNES";"228510 - CM2";"";"Philip MAHID001, Ilham KERRIGAN001"
"1770599";"";"Élève";"MILLINGTON001";"Noame";"noame.millington001";"noame.millington001";"3h8smjfy";"";"E.E.PU-MOULIN DU COMTE-RENNES";"228504 - CE2";"";"Lioba ADNAN001, Oways SURYAVANSI001"
"1783527";"";"Élève";"MOGEY001";"Giacomo";"giacomo.mogey001";"giacomo.mogey001";"ccd6bjbn";"";"E.E.PU-MOULIN DU COMTE-RENNES";"228494 - CM1";"";"Célestine SAMAHATH001, Albrecht PORTER001"
"311526";"";"Élève";"MONTGOMERY001";"Marline";"marline.montgomery001";"marline.montgomery001";"8fwpypzy";"";"E.E.PU-MOULIN DU COMTE-RENNES";"228502 - CE1";"";"Ahed DHANUK001, Franklin AGLEEM001"
"1838365";"";"Élève";"MU001";"Jocelin";"jocelin.mu001";"jocelin.mu001";"6dpn94dn";"";"E.E.PU-MOULIN DU COMTE-RENNES";"228494 - CM1";"";"Garcia MATERA001, Soleda KABA001"
"651016";"";"Élève";"MULLEN001";"Duran";"duran.mullen001";"duran.mullen001";"fnze4tnx";"";"E.E.PU-MOULIN DU COMTE-RENNES";"228503 - CE1";"";"Chi D'AMORE001"
"1015507";"";"Élève";"NAEEMA001";"Asen";"asen.naeema001";"asen.naeema001";"7nftz7c7";"";"E.E.PU-MOULIN DU COMTE-RENNES";"228510 - CM2";"";"Firmin RIMAL001, Alisee CEPAN001"
"858884";"";"Élève";"NAFHA001";"Keyaan";"keyaan.nafha001";"keyaan.nafha001";"pt7vnmzx";"";"E.E.PU-MOULIN DU COMTE-RENNES";"228490 - CP";"";"Adelaida DANGI001, Mezyan ZEENA001"
"98140";"";"Élève";"NAGLE001";"Lofti";"lofti.nagle001";"lofti.nagle001";"xjgkx4c3";"";"E.E.PU-MOULIN DU COMTE-RENNES";"228492 - CE2";"";"Xavier-François OSBOURNE001, Khanh MAUMOON001"
"1129492";"";"Élève";"NAHUZA001";"Kentyn";"kentyn.nahuza001";"kentyn.nahuza001";"7rr8mmzw";"";"E.E.PU-MOULIN DU COMTE-RENNES";"228498 - CP";"";"Mandie THAKURI001, Agenor GAMAL001"
"72431";"";"Élève";"NAIF001";"Seny";"seny.naif001";"seny.naif001";"y58asb3c";"";"E.E.PU-MOULIN DU COMTE-RENNES";"228490 - CP";"";"Itziar LISTER001, Sady TODD001"
"1248819";"";"Élève";"NAIF001";"Tytouan";"tytouan.naif001";"tytouan.naif001";"mp3vemt8";"";"E.E.PU-MOULIN DU COMTE-RENNES";"228490 - CP";"";"Philomène BONE001, Mara FARISH001"
"657796";"";"Élève";"NAU001";"Élinor";"elinor.nau001";"elinor.nau001";"jt4y3srp";"";"E.E.PU-MOULIN DU COMTE-RENNES";"228503 - CE1";"";"Salvadore NOBBS-MCCOWAN001, Mickaëlle FORTUNATO001"
"242166";"";"Élève";"NAZIRA001";"Souheïla";"souheila.nazira001";"souheila.nazira001";"mer3gwbt";"";"E.E.PU-MOULIN DU COMTE-RENNES";"228490 - CP";"";"Kamyla FORRESTER001, Jean-Mario DARA001"
"823022";"";"Élève";"NIANG001";"Adjo";"adjo.niang001";"adjo.niang001";"trvdpnwx";"";"E.E.PU-MOULIN DU COMTE-RENNES";"228510 - CM2";"";"Othilia DAGAUR001, Dalyan CHRISTIE001"
"523494";"";"Élève";"O'BEIRNE001";"Tressia";"tressia.obeirne001";"tressia.obeirne001";"wgttnmef";"";"E.E.PU-MOULIN DU COMTE-RENNES";"228495 - CM1";"";"Yon BALAMPAKI001"
"1566298";"";"Élève";"O'REILLY001";"Vasanth";"vasanth.oreilly001";"vasanth.oreilly001";"jj5448aw";"";"E.E.PU-MOULIN DU COMTE-RENNES";"228504 - CE2";"";"Ouissam CLERKIN001, Maissan SALAAM001"
"51999";"";"Élève";"OGDEN001";"Arbnor";"arbnor.ogden001";"arbnor.ogden001";"vcjhk4fv";"";"E.E.PU-MOULIN DU COMTE-RENNES";"228504 - CE2";"";"Aldine TATWA001, Nacim FAZEEN001"
"375395";"";"Élève";"PAJIYAR001";"Giuseppa";"giuseppa.pajiyar001";"giuseppa.pajiyar001";"pn8yj6g7";"";"E.E.PU-MOULIN DU COMTE-RENNES";"228495 - CM1";"";"Diamantine MILAZZO001, Natanel HAY001"
"645388";"";"Élève";"PARK001";"Fahel";"fahel.park001";"fahel.park001";"t8v3zcfd";"";"E.E.PU-MOULIN DU COMTE-RENNES";"228492 - CE2";"";"Matéïs MEDICI001, Margarita SWARA001"
"1840106";"";"Élève";"PEARCE001";"Paul-Lou";"paul-lou.pearce001";"paul-lou.pearce001";"bwmfhb7g";"";"E.E.PU-MOULIN DU COMTE-RENNES";"228498 - CP";"";"Beyonce SCALLY001"
"487178";"";"Élève";"PEAY001";"Irsa";"irsa.peay001";"irsa.peay001";"hcwntkgz";"";"E.E.PU-MOULIN DU COMTE-RENNES";"228510 - CM2";"";"Clint MARRONE001, Mayka FORAN001"
"599534";"";"Élève";"PERIN001";"Gines";"gines.perin001";"gines.perin001";"b76ps6ny";"";"E.E.PU-MOULIN DU COMTE-RENNES";"228498 - CP";"";"Idene UMLAUFT001, Odette BATAILLE001"
"1820631";"";"Élève";"PICCININI001";"Janvier";"janvier.piccinini001";"janvier.piccinini001";"ek5majye";"";"E.E.PU-MOULIN DU COMTE-RENNES";"228492 - CE2";"";"Maryama ZAREENA001, Gibran HAROON001"
"1980401";"";"Élève";"RAFFERTY001";"Edine";"edine.rafferty001";"edine.rafferty001";"td8kz43p";"";"E.E.PU-MOULIN DU COMTE-RENNES";"228503 - CE1";"";"Gessie FRASER001"
"411861";"";"Élève";"RAHEEMA001";"Singrid";"singrid.raheema001";"singrid.raheema001";"kvs6fnes";"";"E.E.PU-MOULIN DU COMTE-RENNES";"228503 - CE1";"";"Maidine NEPALI001, Marie-May EASA001"
"57979";"";"Élève";"RAJABAHAK001";"Josette";"josette.rajabahak001";"josette.rajabahak001";"j7cy8hfe";"";"E.E.PU-MOULIN DU COMTE-RENNES";"228492 - CE2";"";"Maud CORTESI001, Cassian BALLARD001"
"1685392";"";"Élève";"RAJABHAR001";"Roberto";"roberto.rajabhar001";"roberto.rajabhar001";"63sebmje";"";"E.E.PU-MOULIN DU COMTE-RENNES";"228494 - CM1";"";"Sonja DONNELLAN001, Ivo SHIFAZ001"
"1835972";"";"Élève";"RAMSEY001";"Mahassine";"mahassine.ramsey001";"mahassine.ramsey001";"nacpcc6s";"";"E.E.PU-MOULIN DU COMTE-RENNES";"228502 - CE1";"";"Serene BYANJANAKAR001, Lou-Andréa HANLY001"
"580155";"";"Élève";"RASHEEDHA001";"Asrar";"asrar.rasheedha001";"asrar.rasheedha001";"xswnn78t";"";"E.E.PU-MOULIN DU COMTE-RENNES";"228510 - CM2";"";"Assyah SANJYAL001, Alfred ENGLISH001"
"1891111";"";"Élève";"RASHID001";"Goery";"goery.rashid001";"goery.rashid001";"zwx3djft";"";"E.E.PU-MOULIN DU COMTE-RENNES";"228510 - CM2";"";"Mary-Anne D'ELIA001, Gwezheneg YASFA001"
"222348";"";"Élève";"REPETTO001";"Ridwane";"ridwane.repetto001";"ridwane.repetto001";"fzmdftcj";"";"E.E.PU-MOULIN DU COMTE-RENNES";"228495 - CM1";"";"Albanne IHSANA001, Madiane AZEEZA001"
"606383";"";"Élève";"RIGHI001";"Cendrine";"cendrine.righi001";"cendrine.righi001";"68rfr6zy";"";"E.E.PU-MOULIN DU COMTE-RENNES";"228498 - CP";"";"Gessie FRASER001"
"1307721";"";"Élève";"RIZA001";"Mezyane";"mezyane.riza001";"mezyane.riza001";"jhvx5cmr";"";"E.E.PU-MOULIN DU COMTE-RENNES";"228495 - CM1";"";"Wassef BHUSAL001, Haydée GOUGH001"
"1995542";"";"Élève";"ROSSO001";"Tijany";"tijany.rosso001";"tijany.rosso001";"da5834h8";"";"E.E.PU-MOULIN DU COMTE-RENNES";"228502 - CE1";"";"Thiviya VASEL001, Shaine NEPAL001"
"1061423";"";"Élève";"SAMPSON001";"Diamant";"diamant.sampson001";"diamant.sampson001";"jzvdf65d";"";"E.E.PU-MOULIN DU COMTE-RENNES";"228494 - CM1";"";"Aliah SHUHAD001, Chi D'AMORE001"
"1080030";"";"Élève";"SHANLEY001";"Ivonne";"ivonne.shanley001";"ivonne.shanley001";"4kb7vas3";"";"E.E.PU-MOULIN DU COMTE-RENNES";"228502 - CE1";"";"Abrar CASSERLY001, Swen DEVI001"
"376442";"";"Élève";"SHAZIYYA001";"Saule";"saule.shaziyya001";"saule.shaziyya001";"rjrpr4f4";"";"E.E.PU-MOULIN DU COMTE-RENNES";"228490 - CP";"";"Kanza SKELLY001, Marie-Michelle TUMWAPO001"
"1988167";"";"Élève";"SHAZLEEN001";"Ahmed-Amine";"ahmed-amine.shazleen001";"ahmed-amine.shazleen001";"apkmghkh";"";"E.E.PU-MOULIN DU COMTE-RENNES";"228498 - CP";"";"Deivy BAJAGAI001, Calum NEALE001"
"755663";"";"Élève";"SHEPPARD001";"Mohssen";"mohssen.sheppard001";"mohssen.sheppard001";"dsdb7sfs";"";"E.E.PU-MOULIN DU COMTE-RENNES";"228510 - CM2";"";"Jean-Arnaud BARADJI001, Kevine BOTE001"
"1093983";"";"Élève";"SIFAZ001";"Narayan";"narayan.sifaz001";"narayan.sifaz001";"wnhahces";"";"E.E.PU-MOULIN DU COMTE-RENNES";"228503 - CE1";"";"Astou NUGENT001, Lenis O'HARE001"
"1562561";"";"Élève";"TALL001";"Zafir";"zafir.tall001";"zafir.tall001";"gwx5npc4";"";"E.E.PU-MOULIN DU COMTE-RENNES";"228490 - CP";"";"Abibata BUSH001, Jean-Vital YORUW001"
"371062";"";"Élève";"TAMANAG001";"Aléandro";"aleandro.tamanag001";"aleandro.tamanag001";"a39fp96j";"";"E.E.PU-MOULIN DU COMTE-RENNES";"228494 - CM1";"";"Jarno TIMMONS001, Auxane ASHLEY001"
"501645";"";"Élève";"TANKAA001";"Djeinabou";"djeinabou.tankaa001";"djeinabou.tankaa001";"5jx5xg9t";"";"E.E.PU-MOULIN DU COMTE-RENNES";"228494 - CM1";"";"Courte SAKYA001, Raphaella KASSAMBARA001"
"1691663";"";"Élève";"TIMALSEN001";"Vinny";"vinny.timalsen001";"vinny.timalsen001";"9333w37b";"";"E.E.PU-MOULIN DU COMTE-RENNES";"228490 - CP";"";"Kéren RAFEEQ001, Ovidio MILLINGTON001"
"1544652";"";"Élève";"TOOMEY001";"Manuelle";"manuelle.toomey001";"manuelle.toomey001";"pwkdm5rb";"";"E.E.PU-MOULIN DU COMTE-RENNES";"228502 - CE1";"";"June TOMAT001, Wisdom O'HARE001"
"979418";"";"Élève";"TOSI001";"Farrell";"farrell.tosi001";"farrell.tosi001";"y8xc4es9";"";"E.E.PU-MOULIN DU COMTE-RENNES";"228494 - CM1";"";"Etelvina BUDHATHOKI001, Tibo WAMYTAN001"
"1711081";"";"Élève";"TRANBERG001";"Sidoine";"sidoine.tranberg001";"sidoine.tranberg001";"ezfhp9tn";"";"E.E.PU-MOULIN DU COMTE-RENNES";"228492 - CE2";"";"Faran ACARY001, Dannie BANKS001"
"1298010";"";"Élève";"TREANOR001";"Mimouna";"mimouna.treanor001";"mimouna.treanor001";"sryxs4cm";"";"E.E.PU-MOULIN DU COMTE-RENNES";"228498 - CP";"";"Andressa SESA001, Cesario GERAGHTY001"
"541713";"";"Élève";"VALLI001";"Rito";"rito.valli001";"rito.valli001";"59etxh5s";"";"E.E.PU-MOULIN DU COMTE-RENNES";"228504 - CE2";"";"Mahyna NAUSHAD001, Bafode WHITTLE001"
"620881";"";"Élève";"VARAHI001";"Talib";"talib.varahi001";"talib.varahi001";"g6mpjkwh";"";"E.E.PU-MOULIN DU COMTE-RENNES";"228502 - CE1";"";"Tyssem ZANONI001, Nelio ZAMEEL001"
"1477716";"";"Élève";"VENTURELLI001";"Sabas";"sabas.venturelli001";"sabas.venturelli001";"3wveyksc";"";"E.E.PU-MOULIN DU COMTE-RENNES";"228494 - CM1";"";"Deivy BAJAGAI001, Calum NEALE001"
"244423";"";"Élève";"VOLPATO001";"Rosalind";"rosalind.volpato001";"rosalind.volpato001";"rsr4cyg9";"";"E.E.PU-MOULIN DU COMTE-RENNES";"228504 - CE2";"";"Avril BALDUCCI001, Aadil BARONE001"
"992305";"";"Élève";"WAHEED001";"Cyriane";"cyriane.waheed001";"cyriane.waheed001";"pcdrvfpr";"";"E.E.PU-MOULIN DU COMTE-RENNES";"228504 - CE2";"";"Eurielle HORTON001, Abibou ATHIFA001"
"770401";"";"Élève";"WAHEO001";"Ellis";"ellis.waheo001";"ellis.waheo001";"wnhddhsc";"";"E.E.PU-MOULIN DU COMTE-RENNES";"228504 - CE2";"";"Saint-Prix PADHYANI001, Dougou RICHARDSON001"
"1294960";"";"Élève";"WALL001";"Julaybib";"julaybib.wall001";"julaybib.wall001";"4whvsmmr";"";"E.E.PU-MOULIN DU COMTE-RENNES";"228490 - CP";"";"Gontran CIDI001"
"996640";"";"Élève";"WATAR001";"Kaled";"kaled.watar001";"kaled.watar001";"xp8zyr4z";"";"E.E.PU-MOULIN DU COMTE-RENNES";"228495 - CM1";"";"Mickaïl BUSHREE001, Robin MUDABHARI001"
"435631";"";"Élève";"WATAR001";"Sukeina";"sukeina.watar001";"sukeina.watar001";"d8h78rwe";"";"E.E.PU-MOULIN DU COMTE-RENNES";"228494 - CM1";"";"Nayad BRANNIGAN001, Solène RISHFA001"
"955306";"";"Élève";"WEST001";"Kyssia";"kyssia.west001";"kyssia.west001";"3sftcp9y";"";"E.E.PU-MOULIN DU COMTE-RENNES";"228492 - CE2";"";"Kaelig SWAN001, Lenaic KARMACARY001"
"576729";"";"Élève";"WHARTON001";"Jael";"jael.wharton001";"jael.wharton001";"pkm55ess";"";"E.E.PU-MOULIN DU COMTE-RENNES";"228510 - CM2";"";"Xavier-François OSBOURNE001, Khanh MAUMOON001"
"1735951";"";"Élève";"WILCOX001";"Wolf";"wolf.wilcox001";"wolf.wilcox001";"6te5h6zn";"";"E.E.PU-MOULIN DU COMTE-RENNES";"228498 - CP";"";"Anddy PERETTI001, Solanne CUOMO001"
"1685403";"";"Élève";"WYATT001";"Maéva";"maeva.wyatt001";"maeva.wyatt001";"wn5kyf5r";"";"E.E.PU-MOULIN DU COMTE-RENNES";"228495 - CM1";"";"Ézia HUCKSTEP001, Lazarette CALLEGARI001"
"446742";"";"Élève";"YELAVICH001";"Boun";"boun.yelavich001";"boun.yelavich001";"894svtsn";"";"E.E.PU-MOULIN DU COMTE-RENNES";"228490 - CP";"";"Namir BENGALY001, Ilya MOMIN001"
"1185654";"";"Élève";"YOUNG001";"Shayane";"shayane.young001";"shayane.young001";"wjy7vsrg";"";"E.E.PU-MOULIN DU COMTE-RENNES";"228503 - CE1";"";"Adrianne SOMERS001, Éli POWER001"
"1382024";"";"Élève";"ZEENATH001";"Arvin";"arvin.zeenath001";"arvin.zeenath001";"rrzdkerh";"";"E.E.PU-MOULIN DU COMTE-RENNES";"228490 - CP";"";"Louise RIZNA001, Élio BOESE001"
"574195";"";"Élève";"ZIMNA001";"Lealine";"lealine.zimna001";"lealine.zimna001";"cde88mwa";"";"E.E.PU-MOULIN DU COMTE-RENNES";"228494 - CM1";"";"Mandie THAKURI001, Agenor GAMAL001"
"1476192";"";"Élève";"ZINAH001";"Karina";"karina.zinah001";"karina.zinah001";"d84957ry";"";"E.E.PU-MOULIN DU COMTE-RENNES";"228490 - CP";"";"Vedran BOLER001, Celeste FAHERTY001"
"118447";"";"Élève";"ZIYADHA001";"Diora";"diora.ziyadha001";"diora.ziyadha001";"xvdrd7fj";"";"E.E.PU-MOULIN DU COMTE-RENNES";"228510 - CM2";"";"Sahël NICOLAI001, Maddyson RAHMAAN001"
"1120605";"";"Parent";"VASEL001";"Thiviya";"ludvine.abbas001";"ludvine.abbas001";"tppnnk7d";"";"CLG-LES ORMEAUX-RENNES, E.E.PU-MOULIN DU COMTE-RENNES";"5D, 228502 - CE1";"Saïm RUGGIERO001, Tijany ROSSO001";""
"371089";"";"Parent";"ACARY001";"Faran";"faran.acary001";"faran.acary001";"kkh3gt7n";"";"E.E.PU-MOULIN DU COMTE-RENNES";"228492 - CE2";"Sidoine TRANBERG001";""
"1587638";"";"Parent";"AGLEEM001";"Franklin";"franklin.agleem001";"franklin.agleem001";"kwtmhx6m";"";"E.E.PU-MOULIN DU COMTE-RENNES";"228494 - CM1, 228502 - CE1";"Marline MONTGOMERY001, Emanuella HAIDARA001";""
"294908";"";"Parent";"LONGO001";"Bessem";"sebastiana.ahohe001";"sebastiana.ahohe001";"5fj9d5jx";"";"LGT-BENJAMIN FRANKLIN-AURAY, E.E.PU-MOULIN DU COMTE-RENNES";"S01, 228504 - CE2";"Menekse NASHEEDHA001, Ozlem GUARNIERI001";""
"766354";"";"Parent";"ALDRIDGE001";"Ernst";"ernst.aldridge001";"ernst.aldridge001";"3n7ne8zw";"";"E.E.PU-MOULIN DU COMTE-RENNES";"228494 - CM1";"Honorat LEENA001";""
"1215598";"";"Parent";"ANDREW001";"Kalathoumi";"kalathoumi.andrew001";"kalathoumi.andrew001";"93vr73tm";"";"E.E.PU-MOULIN DU COMTE-RENNES";"228503 - CE1";"Loan DUANE001";""
"286343";"";"Parent";"ARCAY001";"Nise";"nise.arcay001";"nise.arcay001";"axx3k76r";"";"E.E.PU-MOULIN DU COMTE-RENNES";"228502 - CE1";"Javier DAWES001";""
"507046";"";"Parent";"ASCIONE001";"Maissoun";"maissoun.ascione001";"maissoun.ascione001";"4pwncvvc";"";"E.E.PU-MOULIN DU COMTE-RENNES";"228498 - CP";"Maël MAGAR001";""
"342301";"";"Parent";"ASHLEY001";"Auxane";"auxane.ashley001";"auxane.ashley001";"typxsv3e";"";"E.E.PU-MOULIN DU COMTE-RENNES";"228494 - CM1";"Aléandro TAMANAG001";""
"521299";"";"Parent";"ATHIFA001";"Abibou";"abibou.athifa001";"abibou.athifa001";"vhkhnhkt";"";"E.E.PU-MOULIN DU COMTE-RENNES";"228504 - CE2, 228490 - CP";"Omaïma KANVAR001, Cyriane WAHEED001";""
"1867512";"";"Parent";"AZEEZA001";"Madiane";"madiane.azeeza001";"madiane.azeeza001";"3xrmnfxk";"";"E.E.PU-MOULIN DU COMTE-RENNES";"228495 - CM1, 228490 - CP";"Ridjy HUMPHREYS001, Kinsey BETTI001, Ridwane REPETTO001";""
"308250";"";"Parent";"AZHAR001";"Jannine";"jannine.azhar001";"jannine.azhar001";"gbasw939";"";"E.E.PU-MOULIN DU COMTE-RENNES";"228502 - CE1";"";""
"794030";"";"Parent";"HANLY001";"Lou-Andréa";"bijan.azmeel001";"bijan.azmeel001";"jeccb9mg";"";"CLG-ECHANGE-RENNES, E.E.PU-MOULIN DU COMTE-RENNES";"4EME E, 3EME D, 228502 - CE1";"Laurelle FITZGERALD001, Emerson COSTELLO001, Mahassine RAMSEY001";""
"1807570";"";"Parent";"BALAMPAKI001";"Yon";"yon.balampaki001";"yon.balampaki001";"f738zj74";"";"E.E.PU-MOULIN DU COMTE-RENNES";"228495 - CM1";"Tressia O'BEIRNE001";""
"1541208";"";"Parent";"BALDO001";"Calixte";"calixte.baldo001";"calixte.baldo001";"xywhvd8b";"";"E.E.PU-MOULIN DU COMTE-RENNES";"228510 - CM2";"Nayana CASTELLANI001";""
"213793";"";"Parent";"BALDUCCI001";"Avril";"avril.balducci001";"avril.balducci001";"cjgfygjr";"";"E.E.PU-MOULIN DU COMTE-RENNES";"228504 - CE2";"Rosalind VOLPATO001";""
"488373";"";"Parent";"BALLARD001";"Cassian";"cassian.ballard001";"cassian.ballard001";"g9w7nn4v";"";"E.E.PU-MOULIN DU COMTE-RENNES";"228492 - CE2";"Josette RAJABAHAK001";""
"739035";"";"Parent";"BAMJAN001";"Ophély";"ophely.bamjan001";"ophely.bamjan001";"34sf8ys6";"";"E.E.PU-MOULIN DU COMTE-RENNES";"228492 - CE2";"Ibtihal GIORGETTI001";""
"1402302";"";"Parent";"BAMNIY001";"François-Olivier";"francois-olivier.bamniy001";"francois-olivier.bamniy001";"gfvzkmzz";"";"E.E.PU-MOULIN DU COMTE-RENNES";"228492 - CE2";"Shemsi BALL001";""
"1717114";"";"Parent";"BANKS001";"Dannie";"dannie.banks001";"dannie.banks001";"sdcngddf";"";"E.E.PU-MOULIN DU COMTE-RENNES";"228492 - CE2";"Sidoine TRANBERG001";""
"381109";"";"Parent";"BARADJI001";"Jean-Arnaud";"jean-arnaud.baradji001";"jean-arnaud.baradji001";"894gx8j9";"";"E.E.PU-MOULIN DU COMTE-RENNES";"228510 - CM2, 228502 - CE1";"Benedetto BROOKES001, Mohssen SHEPPARD001";""
"414347";"";"Parent";"BENGALY001";"Namir";"eymie.baral001";"eymie.baral001";"p6c33b5y";"";"LPO LYC METIER-HENRI AVRIL-LAMBALLE-ARMOR, E.E.PU-MOULIN DU COMTE-RENNES";"1G3, 228490 - CP";"Thilyan O'CONNOR001, Boun YELAVICH001";""
"1284288";"";"Parent";"FORTUNATO001";"Mickaëlle";"emilyana.barbera001";"emilyana.barbera001";"bz8skaha";"";"CLG-LA BINQUENAIS-RENNES, E.E.PU-MOULIN DU COMTE-RENNES";"3EME5, 228502 - CE1, 228503 - CE1";"Bekir FIRASHA001, Élinor NAU001, Adrianna MAZZA001";""
"766486";"";"Parent";"BARONE001";"Aadil";"aadil.barone001";"aadil.barone001";"zsxt7gbb";"";"E.E.PU-MOULIN DU COMTE-RENNES";"228504 - CE2";"Rosalind VOLPATO001";""
"691702";"";"Parent";"BATAILLE001";"Odette";"odette.bataille001";"odette.bataille001";"h9rt554j";"";"E.E.PU-MOULIN DU COMTE-RENNES";"228498 - CP";"Gines PERIN001";""
"1361349";"";"Parent";"BAXTER001";"Chafika";"chafika.baxter001";"chafika.baxter001";"xe6hxhpb";"";"E.E.PU-MOULIN DU COMTE-RENNES";"228495 - CM1";"Albert KHADGE001";""
"1558371";"";"Parent";"NORMAN001";"Emilly";"enric.benedetto001";"enric.benedetto001";"epxzse4k";"";"CLG-MESCOAT-LANDERNEAU, E.E.PU-MOULIN DU COMTE-RENNES";"4 I, 228498 - CP";"Margaux LYNCH001, Maël MAGAR001";""
"1915034";"";"Parent";"BERGAMINI001";"Camille";"camille.bergamini001";"camille.bergamini001";"f6sz8drf";"";"E.E.PU-MOULIN DU COMTE-RENNES";"228504 - CE2";"Milyan MACE001";""
"1384208";"";"Parent";"BHADEL001";"Abdourahman";"abdourahman.bhadel001";"abdourahman.bhadel001";"cwg8z85n";"";"E.E.PU-MOULIN DU COMTE-RENNES";"228510 - CM2";"Pierig CLINTON001";""
"519122";"";"Parent";"BHATTARAI001";"Sören";"soren.bhattarai001";"soren.bhattarai001";"7jz433tt";"";"E.E.PU-MOULIN DU COMTE-RENNES";"228502 - CE1";"Soleen LAMBERTI001";""
"1469348";"";"Parent";"TUMWAPO001";"Marie-Michelle";"leito.bhomjan001";"leito.bhomjan001";"ggbtfw8z";"";"CLG-LES GAYEULLES-RENNES, E.E.PU-MOULIN DU COMTE-RENNES";"4C, 228490 - CP";"Balian GROSSO001, Saule SHAZIYYA001";""
"326085";"";"Parent";"BONATO001";"Gerd";"gerd.bonato001";"gerd.bonato001";"bsnnj8cc";"";"E.E.PU-MOULIN DU COMTE-RENNES";"228492 - CE2, 228490 - CP";"Crocifissa DANUWAR001, Manau HEYWOOD001";""
"1158386";"";"Parent";"BONE001";"Philomène";"philomene.bone001";"philomene.bone001";"pbjma98d";"";"E.E.PU-MOULIN DU COMTE-RENNES";"228490 - CP";"Tytouan NAIF001";""
"1757066";"";"Parent";"BOTE001";"Kevine";"kevine.bote001";"kevine.bote001";"7bp5gyf3";"";"E.E.PU-MOULIN DU COMTE-RENNES";"228510 - CM2, 228502 - CE1";"Benedetto BROOKES001, Mohssen SHEPPARD001";""
"1631633";"";"Parent";"BRANNIGAN001";"Nayad";"nayad.brannigan001";"nayad.brannigan001";"nzcpha9k";"";"E.E.PU-MOULIN DU COMTE-RENNES";"228494 - CM1";"Sukeina WATAR001";""
"1476793";"";"Parent";"PERETTI001";"Anddy";"jean-lin.bruce001";"jean-lin.bruce001";"jbjxw7vg";"";"CLG-ROSA PARKS-RENNES, E.E.PU-MOULIN DU COMTE-RENNES";"5-1, 228498 - CP";"Ouwaïs DENNIS001, Wolf WILCOX001";""
"678205";"";"Parent";"ADNAN001";"Lioba";"leoline.budhaksetri001";"leoline.budhaksetri001";"fhs6rkdn";"";"CLG-YVES COPPENS-LANNION, E.E.PU-MOULIN DU COMTE-RENNES";"5EME1, 228504 - CE2, 228498 - CP";"Asaliah MCCOWAN001, Bambo CAVANAGH001, Noame MILLINGTON001";""
"1403427";"";"Parent";"BUDHATHOKI001";"Etelvina";"etelvina.budhathoki001";"etelvina.budhathoki001";"6xyapx8x";"";"E.E.PU-MOULIN DU COMTE-RENNES";"228494 - CM1";"Farrell TOSI001";""
"650538";"1314749";"Parent";"BUSHREE001";"Mickaïl";"mickail.bushree001";"mickail.bushree001";"4e7865j5";"";"E.E.PU-MOULIN DU COMTE-RENNES";"228495 - CM1";"Kaled WATAR001";"Maksim KANSOU001, Cedia KHUNA001, Kheireddine LONIY001, Ildevert TAMOLI001"
"482861";"";"Parent";"BYANJANAKAR001";"Serene";"serene.byanjanakar001";"serene.byanjanakar001";"g7xrdvg7";"";"E.E.PU-MOULIN DU COMTE-RENNES";"228502 - CE1";"Mahassine RAMSEY001";""
"1171312";"";"Parent";"CAIAZZO001";"Olida";"olida.caiazzo001";"olida.caiazzo001";"j3kj7chx";"";"E.E.PU-MOULIN DU COMTE-RENNES";"228492 - CE2";"Kenzi ARAKH001";""
"811590";"";"Parent";"CALDER001";"Keith";"keith.calder001";"keith.calder001";"e7n6ggwa";"";"E.E.PU-MOULIN DU COMTE-RENNES";"228495 - CM1";"Orthense HUMAGAI001";""
"683916";"2698058";"Parent";"CALLEGARI001";"Lazarette";"lazarette.callegari001";"lazarette.callegari001";"v3dk8nvz";"";"E.E.PU-MOULIN DU COMTE-RENNES";"228495 - CM1";"Maéva WYATT001";"Djoey KEEN001, Donate AGLEEMA001, Daren SHEPHERD001"
"1826661";"";"Parent";"PETIT001";"Alizé";"yman.cannon001";"yman.cannon001";"4x6etw7x";"";"LG-FRANCOIS RENE DE CHATEAUBRIAND-RENNES, E.E.PU-MOULIN DU COMTE-RENNES";"1ERE 6, 228494 - CM1";"Elizabeth PERSICO001, Kinta HURST001";""
"1949522";"";"Parent";"CASSERLY001";"Abrar";"abrar.casserly001";"abrar.casserly001";"6mm64h9r";"";"E.E.PU-MOULIN DU COMTE-RENNES";"228502 - CE1, 228503 - CE1";"Ivonne SHANLEY001, Mei-Li CURTIN001";""
"1223131";"2522148";"Parent";"CATALDO001";"Constant";"constant.cataldo001";"constant.cataldo001";"abpbdhts";"";"E.E.PU-MOULIN DU COMTE-RENNES";"228502 - CE1";"Javier DAWES001";"Brandy AVASTHI001, Hendryk PADHYANI001"
"997796";"";"Parent";"CEPAN001";"Alisee";"alisee.cepan001";"alisee.cepan001";"ztxa7w6c";"";"E.E.PU-MOULIN DU COMTE-RENNES";"228510 - CM2";"Asen NAEEMA001";""
"1330842";"";"Parent";"CHIANESE001";"Romaysa";"romaysa.chianese001";"romaysa.chianese001";"msmkcr5m";"";"E.E.PU-MOULIN DU COMTE-RENNES";"228504 - CE2, 228490 - CP";"Linsey KEYES001, Nesli GILROY001";""
"544453";"";"Parent";"CHRISTIE001";"Dalyan";"dalyan.christie001";"dalyan.christie001";"7ts7mddf";"";"E.E.PU-MOULIN DU COMTE-RENNES";"228510 - CM2";"Adjo NIANG001";""
"340920";"";"Parent";"CIDI001";"Gontran";"gontran.cidi001";"gontran.cidi001";"nvxs4dhk";"";"E.E.PU-MOULIN DU COMTE-RENNES";"228495 - CM1, 228510 - CM2";"Leely LILLEY001, Boudjemaa D'ANNA001";""
"864655";"";"Parent";"CIDI001";"Gontran";"gontran.cidi0012";"gontran.cidi0012";"rtsmrdbp";"";"E.E.PU-MOULIN DU COMTE-RENNES";"228490 - CP";"Julaybib WALL001";""
"218870";"";"Parent";"IHSANA001";"Albanne";"marlee.citrakar001";"marlee.citrakar001";"eejpnpbj";"";"LPO-VAUBAN-BREST, E.E.PU-MOULIN DU COMTE-RENNES";"BTS2CRCI, 228495 - CM1, 228490 - CP";"Florien DAPHALI001, Ridjy HUMPHREYS001, Kinsey BETTI001, Ridwane REPETTO001";""
"430494";"";"Parent";"CLERKIN001";"Ouissam";"ouissam.clerkin001";"ouissam.clerkin001";"hrenzzj6";"";"E.E.PU-MOULIN DU COMTE-RENNES";"228504 - CE2";"Vasanth O'REILLY001";""
"161667";"";"Parent";"RIVIERE001";"Mayalen";"laurys.coco001";"laurys.coco001";"dhw3k7py";"";"LGT-JOLIOT-CURIE-RENNES, E.E.PU-MOULIN DU COMTE-RENNES";"1STS CPR, 228492 - CE2";"Madigan CAVILL001, Mahon HAND001";""
"1828424";"";"Parent";"CORTESI001";"Maud";"maud.cortesi001";"maud.cortesi001";"kjbvy4jt";"";"E.E.PU-MOULIN DU COMTE-RENNES";"228492 - CE2";"Josette RAJABAHAK001";""
"1192965";"";"Parent";"CORTI001";"Memet";"memet.corti001";"memet.corti001";"yyy8yms6";"";"CLG-JEAN CHARCOT-SAINT-MALO, E.E.PU-MOULIN DU COMTE-RENNES";"4C, 6A, 5B, 5A, 228502 - CE1";"Elyse BRADY001, Kaissy BARMA001";""
"1261614";"";"Parent";"CUOMO001";"Solanne";"solanne.cuomo001";"solanne.cuomo001";"skacyhf9";"";"E.E.PU-MOULIN DU COMTE-RENNES";"228498 - CP";"Wolf WILCOX001";""
"72909";"";"Parent";"THIAM001";"Ahkim";"othilie.curti001";"othilie.curti001";"hyb4a8dv";"";"LGT-JOSEPH LOTH-PONTIVY, E.E.PU-MOULIN DU COMTE-RENNES";"MCO1, 228492 - CE2";"Jérèmie MCCORMICK001, Shemsi BALL001";""
"1254894";"";"Parent";"D'AMORE001";"Chi";"chi.damore001";"chi.damore001";"xjege8f3";"";"E.E.PU-MOULIN DU COMTE-RENNES";"228494 - CM1, 228503 - CE1";"Duran MULLEN001, Diamant SAMPSON001";""
"602964";"";"Parent";"D'ELIA001";"Mary-Anne";"mary-anne.delia001";"mary-anne.delia001";"hnhsrdt7";"";"LPO-VAUBAN-BREST, E.E.PU-MOULIN DU COMTE-RENNES";"TG01, TT02, BTS1SN, DE2, 228510 - CM2";"Aloé MARAR001, Goery RASHID001";""
"701028";"";"Parent";"DAGAUR001";"Othilia";"othilia.dagaur001";"othilia.dagaur001";"7m365xys";"";"E.E.PU-MOULIN DU COMTE-RENNES";"228510 - CM2";"Adjo NIANG001";""
"1007942";"";"Parent";"DALLAKOTI001";"Taklit";"taklit.dallakoti001";"taklit.dallakoti001";"jbb8ann7";"";"E.E.PU-MOULIN DU COMTE-RENNES";"228494 - CM1";"Honorat LEENA001";""
"1225103";"";"Parent";"DANGI001";"Adelaida";"adelaida.dangi001";"adelaida.dangi001";"87rwz7wf";"";"E.E.PU-MOULIN DU COMTE-RENNES";"228490 - CP";"Keyaan NAFHA001";""
"1103046";"";"Parent";"DARA001";"Jean-Mario";"jean-mario.dara001";"jean-mario.dara001";"srkcrya5";"";"E.E.PU-MOULIN DU COMTE-RENNES";"228490 - CP";"Souheïla NAZIRA001";""
"733064";"";"Parent";"DEVI001";"Swen";"swen.devi001";"swen.devi001";"cssbzhhz";"";"E.E.PU-MOULIN DU COMTE-RENNES";"228502 - CE1, 228503 - CE1";"Ivonne SHANLEY001, Mei-Li CURTIN001";""
"212360";"1958250";"Parent";"DEVITT001";"Kathy";"kathy.devitt001";"kathy.devitt001";"yzmkbfr3";"";"E.E.PU-MOULIN DU COMTE-RENNES";"228495 - CM1";"Albert KHADGE001";"Aydane CASULA001, Danaëlle FAWCETT001"
"1516251";"";"Parent";"DHANUK001";"Ahed";"ahed.dhanuk001";"ahed.dhanuk001";"wjb85jmc";"";"E.E.PU-MOULIN DU COMTE-RENNES";"228494 - CM1, 228502 - CE1";"Marline MONTGOMERY001, Emanuella HAIDARA001";""
"769097";"";"Parent";"DHEEMA001";"Aimery";"aimery.dheema001";"aimery.dheema001";"6pwfr4y4";"";"E.E.PU-MOULIN DU COMTE-RENNES";"228498 - CP";"Aimé GROSE001";""
"1797099";"2575411";"Parent";"DI001";"Rimes";"rimes.di001";"rimes.di001";"pshbeh3y";"";"E.E.PU-MOULIN DU COMTE-RENNES";"228502 - CE1";"Marie-Karine BIANCO001";"Gisleine SAMAHATH001, Collin BILLY001"
"71420";"";"Parent";"SHIFAAN001";"Renaud";"catalina.didi001";"catalina.didi001";"rpcynzgk";"";"LPO-COLBERT-LORIENT, E.E.PU-MOULIN DU COMTE-RENNES";"1PROMELE, 228492 - CE2, 228490 - CP";"Estébann NEMBAN001, Crocifissa DANUWAR001, Manau HEYWOOD001";""
"1821629";"";"Parent";"DIXON001";"Thais";"thais.dixon001";"thais.dixon001";"nfgdkz47";"";"CLG-JEAN CHARCOT-SAINT-MALO, E.E.PU-MOULIN DU COMTE-RENNES";"4C, 6A, 5B, 5A, 228502 - CE1";"Elyse BRADY001, Kaissy BARMA001";""
"1679164";"";"Parent";"DONNELLAN001";"Sonja";"sonja.donnellan001";"sonja.donnellan001";"fksefht3";"";"E.E.PU-MOULIN DU COMTE-RENNES";"228494 - CM1";"Roberto RAJABHAR001";""
"968059";"";"Parent";"DOOLEY001";"Rosia";"rosia.dooley001";"rosia.dooley001";"fzsapcyr";"";"E.E.PU-MOULIN DU COMTE-RENNES";"228495 - CM1";"Zouber D'AURIA001";""
"1098645";"";"Parent";"DUDLEY001";"Lhéa";"lhea.dudley001";"lhea.dudley001";"86ew64zf";"";"E.E.PU-MOULIN DU COMTE-RENNES";"228495 - CM1";"Ward EASA001";""
"1607154";"";"Parent";"DUKE001";"Marcela";"marcela.duke001";"marcela.duke001";"cptb9exh";"";"E.E.PU-MOULIN DU COMTE-RENNES";"228490 - CP";"Salhia GODFREY001";""
"298862";"";"Parent";"DUNPHY001";"Hassana";"hassana.dunphy001";"hassana.dunphy001";"b7abprty";"";"E.E.PU-MOULIN DU COMTE-RENNES";"228502 - CE1";"";""
"884421";"";"Parent";"EASA001";"Marie-May";"marie-may.easa001";"marie-may.easa001";"p4h5dp4x";"";"E.E.PU-MOULIN DU COMTE-RENNES";"228503 - CE1";"Singrid RAHEEMA001";""
"1570032";"";"Parent";"ENGLISH001";"Alfred";"alfred.english001";"alfred.english001";"ngbc335w";"";"E.E.PU-MOULIN DU COMTE-RENNES";"228510 - CM2";"Asrar RASHEEDHA001";""
"1631856";"";"Parent";"ERAM001";"Jamal-Eddine";"jamal-eddine.eram001";"jamal-eddine.eram001";"hfn86std";"";"E.E.PU-MOULIN DU COMTE-RENNES";"228490 - CP";"Salhia GODFREY001";""
"676666";"";"Parent";"ERWIN001";"Chiheb";"chiheb.erwin001";"chiheb.erwin001";"y85scgfz";"";"E.E.PU-MOULIN DU COMTE-RENNES";"228494 - CM1";"Deborath HORTON001";""
"1244233";"";"Parent";"FAHERTY001";"Celeste";"celeste.faherty001";"celeste.faherty001";"cg66anzx";"";"E.E.PU-MOULIN DU COMTE-RENNES";"228492 - CE2, 228490 - CP";"Karina ZINAH001, Ly JENKINS001";""
"1675051";"";"Parent";"FAREEDHA001";"Maxen";"maxen.fareedha001";"maxen.fareedha001";"33z7gzps";"";"E.E.PU-MOULIN DU COMTE-RENNES";"228510 - CM2";"Gwenael BAISY001";""
"432300";"";"Parent";"FAREESHA001";"Serguei";"serguei.fareesha001";"serguei.fareesha001";"b4jr5dtd";"";"E.E.PU-MOULIN DU COMTE-RENNES";"228495 - CM1";"Dastane HUSHAM001";""
"1097177";"";"Parent";"FARHAN001";"Jounaidi";"jounaidi.farhan001";"jounaidi.farhan001";"jmr537zw";"";"E.E.PU-MOULIN DU COMTE-RENNES";"228498 - CP";"Tamas CAHILL001";""
"698822";"";"Parent";"FARISH001";"Haithem";"haithem.farish001";"haithem.farish001";"cysx6s6s";"";"E.E.PU-MOULIN DU COMTE-RENNES";"228504 - CE2";"";""
"1011646";"";"Parent";"FARISH001";"Mara";"mara.farish001";"mara.farish001";"ax3tyyem";"";"E.E.PU-MOULIN DU COMTE-RENNES";"228490 - CP";"Tytouan NAIF001";""
"1650877";"";"Parent";"FAZEEN001";"Nacim";"nacim.fazeen001";"nacim.fazeen001";"xtdhdsk5";"";"E.E.PU-MOULIN DU COMTE-RENNES";"228504 - CE2, 228490 - CP";"Arbnor OGDEN001, Abira BISTA001";""
"1917967";"";"Parent";"FERRETTI001";"Tywan";"tywan.ferretti001";"tywan.ferretti001";"6p53p7mh";"";"E.E.PU-MOULIN DU COMTE-RENNES";"228510 - CM2";"Riheb BASSI001";""
"1590416";"";"Parent";"FIGIR001";"Mattews";"mattews.figir001";"mattews.figir001";"88szds6m";"";"E.E.PU-MOULIN DU COMTE-RENNES";"228492 - CE2, 228490 - CP";"Jaymie HARNEY001, Thïago KUJARNI001";""
"374579";"";"Parent";"FIRUSHAN001";"Raul";"raul.firushan001";"raul.firushan001";"xrmznrgw";"";"E.E.PU-MOULIN DU COMTE-RENNES";"228494 - CM1";"Kader DENNEHY001";""
"237453";"1400416";"Parent";"FITZSIMONS001";"Karl";"karl.fitzsimons001";"karl.fitzsimons001";"4pfgjwbv";"";"E.E.PU-MOULIN DU COMTE-RENNES";"228502 - CE1";"Soleen LAMBERTI001";"Hawaï RICHARDSON001, Djuliann HARRISON001"
"289556";"";"Parent";"FORAN001";"Mayka";"mayka.foran001";"mayka.foran001";"5dbh645y";"";"E.E.PU-MOULIN DU COMTE-RENNES";"228510 - CM2, 228503 - CE1";"Eliyah DI001, Irsa PEAY001";""
"1733303";"";"Parent";"FORRESTER001";"Kamyla";"kamyla.forrester001";"kamyla.forrester001";"sp78ghmh";"";"E.E.PU-MOULIN DU COMTE-RENNES";"228490 - CP";"Souheïla NAZIRA001";""
"1576365";"";"Parent";"BAJAGAI001";"Deivy";"emerance.franceschi001";"emerance.franceschi001";"5nwk6wkj";"";"LGT-JOSEPH LOTH-PONTIVY, E.E.PU-MOULIN DU COMTE-RENNES";"TSTMG1, 2B, 228494 - CM1, 228498 - CP";"Kolo HAYES001, Houssin CISSOKO001, Ahmed-Amine SHAZLEEN001, Sabas VENTURELLI001";""
"1796187";"";"Parent";"FRANCHI001";"Manell";"manell.franchi001";"manell.franchi001";"xzxfxkh4";"";"E.E.PU-MOULIN DU COMTE-RENNES";"228504 - CE2";"Milyan MACE001";""
"1691302";"";"Parent";"FRANCHINI001";"Nina-Lou";"nina-lou.franchini001";"nina-lou.franchini001";"9bnp9erz";"";"E.E.PU-MOULIN DU COMTE-RENNES";"228504 - CE2";"Lucie HACKETT001";""
"716756";"";"Parent";"GAMAL001";"Agenor";"agenor.gamal001";"agenor.gamal001";"y74tydz8";"";"E.E.PU-MOULIN DU COMTE-RENNES";"228494 - CM1, 228498 - CP";"Kentyn NAHUZA001, Lealine ZIMNA001";""
"591890";"";"Parent";"THADA001";"Adelio";"kylliana.ganes001";"kylliana.ganes001";"tr67c6be";"";"LP-AMPERE-JOSSELIN, E.E.PU-MOULIN DU COMTE-RENNES";"1SN, 228492 - CE2, 228490 - CP";"Armin ISHAG001, Jaymie HARNEY001, Thïago KUJARNI001";""
"932323";"";"Parent";"GARDNER001";"Ghalem";"ghalem.gardner001";"ghalem.gardner001";"75hg5a6p";"";"E.E.PU-MOULIN DU COMTE-RENNES";"228498 - CP";"Sellam LUPI001";""
"1276124";"";"Parent";"KEMP001";"Elyssa";"tiana.gayyoom001";"tiana.gayyoom001";"t7k5vgep";"";"CLG-LA TOUR D'AUVERGNE-QUIMPER, E.E.PU-MOULIN DU COMTE-RENNES";"6G5, 228504 - CE2";"Yamato MARCHI001, Lucie HACKETT001";""
"391154";"";"Parent";"GERAGHTY001";"Cesario";"cesario.geraghty001";"cesario.geraghty001";"yekjvyet";"";"E.E.PU-MOULIN DU COMTE-RENNES";"228498 - CP";"Mimouna TREANOR001";""
"951622";"";"Parent";"GADERI001";"Lilien";"fadilha.glynn001";"fadilha.glynn001";"jwyzj7vg";"";"CLG-EMILE ZOLA-RENNES, E.E.PU-MOULIN DU COMTE-RENNES";"55, 228495 - CM1";"Johnn CAMERON001, Anouck KEAVENEY001";""
"1352852";"";"Parent";"GOUGH001";"Haydée";"haydee.gough001";"haydee.gough001";"vz3p5esf";"";"E.E.PU-MOULIN DU COMTE-RENNES";"228495 - CM1";"Mezyane RIZA001";""
"1128175";"";"Parent";"CARBONE001";"Tugce";"fidjie.grieco001";"fidjie.grieco001";"x58nk878";"";"LGT-SEVIGNE-CESSON-SEVIGNE, E.E.PU-MOULIN DU COMTE-RENNES";"1ERE08, 228510 - CM2";"Antonyn ILHAM001, Pierig CLINTON001";""
"1762043";"";"Parent";"GRUBE001";"Andrés";"andres.grube001";"andres.grube001";"p4ydmdgh";"";"E.E.PU-MOULIN DU COMTE-RENNES";"228490 - CP";"Francois MCGINN001";""
"1431505";"";"Parent";"GUIDA001";"Calicia";"calicia.guida001";"calicia.guida001";"zhtdjm7t";"";"E.E.PU-MOULIN DU COMTE-RENNES";"228503 - CE1";"Noodles MARANGONI001";""
"468410";"";"Parent";"GUNNING001";"Alev";"alev.gunning001";"alev.gunning001";"yzh843va";"";"E.E.PU-MOULIN DU COMTE-RENNES";"228510 - CM2, 228492 - CE2";"Mantia CAWLEY001, Ellena AZMEE001";""
"137476";"";"Parent";"HARIJAN001";"Dilhan";"dilhan.harijan001";"dilhan.harijan001";"xdjp3wj3";"";"E.E.PU-MOULIN DU COMTE-RENNES";"228495 - CM1";"Orthense HUMAGAI001";""
"1918960";"";"Parent";"HAROON001";"Gibran";"gibran.haroon001";"gibran.haroon001";"kgcfenc4";"";"E.E.PU-MOULIN DU COMTE-RENNES";"228492 - CE2";"Janvier PICCININI001";""
"517931";"";"Parent";"HAY001";"Natanel";"natanel.hay001";"natanel.hay001";"s3tjcp5e";"";"E.E.PU-MOULIN DU COMTE-RENNES";"228495 - CM1";"Giuseppa PAJIYAR001";""
"1631137";"";"Parent";"HENRY001";"Meilys";"meilys.henry001";"meilys.henry001";"hmn46tjf";"";"E.E.PU-MOULIN DU COMTE-RENNES";"228490 - CP";"Ely SINAH001, Nawfel CARLINI001";""
"497947";"";"Parent";"HOLDEN001";"Jahin";"jahin.holden001";"jahin.holden001";"9rxcvzfz";"";"E.E.PU-MOULIN DU COMTE-RENNES";"228503 - CE1";"Loan DUANE001";""
"462579";"";"Parent";"HOLDER001";"Hannene";"hannene.holder001";"hannene.holder001";"hjy7jk3y";"";"E.E.PU-MOULIN DU COMTE-RENNES";"228502 - CE1";"Nussayba KESI001";""
"857763";"";"Parent";"HORTON001";"Eurielle";"eurielle.horton001";"eurielle.horton001";"y8hm3kac";"";"E.E.PU-MOULIN DU COMTE-RENNES";"228504 - CE2, 228490 - CP";"Omaïma KANVAR001, Cyriane WAHEED001";""
"1636925";"";"Parent";"HUCKSTEP001";"Ézia";"ezia.huckstep001";"ezia.huckstep001";"wbs5b43m";"";"E.E.PU-MOULIN DU COMTE-RENNES";"228495 - CM1";"Maéva WYATT001";""
"999960";"";"Parent";"IHSAN001";"Ghali";"ghali.ihsan001";"ghali.ihsan001";"rs546tyr";"";"E.E.PU-MOULIN DU COMTE-RENNES";"228495 - CM1";"Zouber D'AURIA001";""
"1361758";"";"Parent";"ISMAIL001";"Cécilie";"cecilie.ismail001";"cecilie.ismail001";"a4kv776c";"";"E.E.PU-MOULIN DU COMTE-RENNES";"228503 - CE1";"";""
"1229456";"";"Parent";"JAGRI001";"Elyna";"elyna.jagri001";"elyna.jagri001";"f8xxga6y";"";"E.E.PU-MOULIN DU COMTE-RENNES";"228498 - CP";"Nidale GROGAN001";""
"101165";"";"Parent";"JIREL001";"Maillie";"maillie.jirel001";"maillie.jirel001";"vgcc5rem";"";"E.E.PU-MOULIN DU COMTE-RENNES";"228492 - CE2";"Melynn DUSADHIN001";""
"1065268";"";"Parent";"JOLHA001";"Lize";"lize.jolha001";"lize.jolha001";"y47d68gn";"";"E.E.PU-MOULIN DU COMTE-RENNES";"228510 - CM2";"Prescilya GENOVESE001";""
"1995806";"";"Parent";"KABA001";"Soleda";"soleda.kaba001";"soleda.kaba001";"tfa6ssre";"";"E.E.PU-MOULIN DU COMTE-RENNES";"228494 - CM1";"Jocelin MU001";""
"134055";"";"Parent";"KANDANAW001";"Renetta";"renetta.kandanaw001";"renetta.kandanaw001";"e8mvepe6";"";"E.E.PU-MOULIN DU COMTE-RENNES";"228495 - CM1";"Maiko KATWAL001, Marie-Denise BEVAN001";""
"219050";"";"Parent";"KSATRI001";"Hope";"jadwiga.kane001";"jadwiga.kane001";"5s8wncd6";"";"CLG-MESCOAT-LANDERNEAU, E.E.PU-MOULIN DU COMTE-RENNES";"6 E, 228490 - CP";"Éliza DINEEN001, Francois MCGINN001";""
"54642";"";"Parent";"KAPAD001";"Djahid";"djahid.kapad001";"djahid.kapad001";"r7hr6yeg";"";"E.E.PU-MOULIN DU COMTE-RENNES";"228495 - CM1";"Yamine BLACKBURN001";""
"1235534";"";"Parent";"KAREEM001";"Stéfanie";"stefanie.kareem001";"stefanie.kareem001";"v5wjh3z6";"";"E.E.PU-MOULIN DU COMTE-RENNES";"228503 - CE1";"Kiéran BERTHE001";""
"1942614";"";"Parent";"KARMACARY001";"Lenaic";"lenaic.karmacary001";"lenaic.karmacary001";"d4whfs4r";"";"E.E.PU-MOULIN DU COMTE-RENNES";"228492 - CE2";"Kyssia WEST001";""
"1852";"";"Parent";"KASSAMBARA001";"Raphaella";"raphaella.kassambara001";"raphaella.kassambara001";"wzydew7k";"";"E.E.PU-MOULIN DU COMTE-RENNES";"228494 - CM1";"Djeinabou TANKAA001";""
"1025625";"";"Parent";"KEVARAT001";"Thaddee";"thaddee.kevarat001";"thaddee.kevarat001";"vctpwm8j";"";"E.E.PU-MOULIN DU COMTE-RENNES";"228492 - CE2";"Melynn DUSADHIN001";""
"1190503";"";"Parent";"SHAROONA001";"Juliàn";"liwen.kichiro001";"liwen.kichiro001";"wnegggy6";"";"LPO LYC METIER-DE L'ELORN-LANDERNEAU, E.E.PU-MOULIN DU COMTE-RENNES";"TFB, 228494 - CM1";"Louey HAMDHOON001, Sanka HALPIN001";""
"1008860";"";"Parent";"KONARE001";"Marie-Pascaline";"marie-pascaline.konare001";"marie-pascaline.konare001";"8h3ph4c4";"";"E.E.PU-MOULIN DU COMTE-RENNES";"228490 - CP";"Teddie MALONE001, Eshal PRINCE001";""
"1097261";"1396077";"Parent";"KUNVAR001";"Ryo";"ryo.kunvar001";"ryo.kunvar001";"fkwwe8tc";"";"E.E.PU-MOULIN DU COMTE-RENNES";"228502 - CE1";"Gorica CAVALLARO001";"Elyass IRASHA001, Kénaya KANSAKAR001"
"1520000";"";"Parent";"LALLY001";"Audrey-Laure";"audrey-laure.lally001";"audrey-laure.lally001";"hnkywjhx";"";"E.E.PU-MOULIN DU COMTE-RENNES";"228504 - CE2";"";""
"1661947";"";"Parent";"CONNELLY001";"Théodora";"cristian.lawlor001";"cristian.lawlor001";"f86j79vs";"";"LP-CHARLES TILLON-RENNES, E.E.PU-MOULIN DU COMTE-RENNES";"TUSI-MIC, 228510 - CM2, 228492 - CE2";"Joram SULLIVAN001, Mantia CAWLEY001, Ellena AZMEE001";""
"1877939";"";"Parent";"LINEHAN001";"Aymen";"aymen.linehan001";"aymen.linehan001";"64byy3xt";"";"E.E.PU-MOULIN DU COMTE-RENNES";"228502 - CE1";"Nussayba KESI001";""
"1929179";"";"Parent";"LISTER001";"Itziar";"itziar.lister001";"itziar.lister001";"jmyw65d5";"";"E.E.PU-MOULIN DU COMTE-RENNES";"228490 - CP";"Seny NAIF001";""
"132533";"";"Parent";"LIUSHA001";"Jenah";"jenah.liusha001";"jenah.liusha001";"kk76thsd";"";"E.E.PU-MOULIN DU COMTE-RENNES";"228494 - CM1";"";""
"1628409";"1704979";"Parent";"LYNAM001";"Taho";"taho.lynam001";"taho.lynam001";"cf9vmjc8";"";"E.E.PU-MOULIN DU COMTE-RENNES";"228504 - CE2";"Léonard COONEY001";"Sherifa PASI001, Noodles FAYYAZ001"
"1176478";"2558274";"Parent";"MACE001";"Loyan";"loyan.mace001";"loyan.mace001";"hfekmj7j";"";"E.E.PU-MOULIN DU COMTE-RENNES";"228503 - CE1";"Yolita INASA001";"Mebarka CHAUDHARY001, Anida BEATTIE001, Chérif CUSSEN001"
"1095404";"1060326";"Parent";"MAHID001";"Philip";"philip.mahid001";"philip.mahid001";"wxmjk6ge";"";"E.E.PU-MOULIN DU COMTE-RENNES";"228510 - CM2";"Imany MCGUIRK001";"Clif JAILAM001, Hiyem MANNI001"
"1895884";"";"Parent";"BUSH001";"Abibata";"melinna.majid001";"melinna.majid001";"f4f7yjet";"";"LPO LYC METIER-PIERRE MENDES FRANCE-RENNES, E.E.PU-MOULIN DU COMTE-RENNES";"1PROCBMA, 228490 - CP";"Aboubakary THIERO001, Zafir TALL001";""
"618233";"";"Parent";"MARICO001";"Noelys";"noelys.marico001";"noelys.marico001";"excfncg3";"";"E.E.PU-MOULIN DU COMTE-RENNES";"228498 - CP";"Modou LAMINI001";""
"342381";"";"Parent";"MARRONE001";"Clint";"clint.marrone001";"clint.marrone001";"5j9v85r6";"";"E.E.PU-MOULIN DU COMTE-RENNES";"228510 - CM2, 228503 - CE1";"Eliyah DI001, Irsa PEAY001";""
"764415";"";"Parent";"KUMAL001";"Marylie";"eylie.maske001";"eylie.maske001";"dmzc3wpc";"";"CLG-LA GRANDE METAIRIE-PLOUFRAGAN, E.E.PU-MOULIN DU COMTE-RENNES";"4E, 228498 - CP";"Jacinte AMIR001, Marie-Beatrix GREENING001";""
"952915";"";"Parent";"MASSICKS001";"Praise";"praise.massicks001";"praise.massicks001";"d7g8rwp4";"";"E.E.PU-MOULIN DU COMTE-RENNES";"228495 - CM1";"Dastane HUSHAM001";""
"615081";"";"Parent";"MATERA001";"Garcia";"garcia.matera001";"garcia.matera001";"cttat9ch";"";"E.E.PU-MOULIN DU COMTE-RENNES";"228494 - CM1";"Jocelin MU001";""
"1098857";"";"Parent";"MAUMOON001";"Khanh";"khanh.maumoon001";"khanh.maumoon001";"brydez6m";"";"E.E.PU-MOULIN DU COMTE-RENNES";"228510 - CM2, 228492 - CE2, 228503 - CE1";"Pierryck LOMAWAI001, Jael WHARTON001, Lofti NAGLE001";""
"1975295";"";"Parent";"MCELHINNEY001";"Rassim";"rassim.mcelhinney001";"rassim.mcelhinney001";"mbdh5ccw";"";"E.E.PU-MOULIN DU COMTE-RENNES";"228492 - CE2";"Ibtihal GIORGETTI001";""
"949565";"";"Parent";"MCGLYNN001";"Avishai";"avishai.mcglynn001";"avishai.mcglynn001";"7gbvf6wm";"";"E.E.PU-MOULIN DU COMTE-RENNES";"228494 - CM1";"";""
"1519457";"";"Parent";"MCHALE001";"Semia";"semia.mchale001";"semia.mchale001";"dd83cr8x";"";"E.E.PU-MOULIN DU COMTE-RENNES";"228490 - CP";"Floréal HACKETT001";""
"1816060";"";"Parent";"MEDICI001";"Matéïs";"mateis.medici001";"mateis.medici001";"hshebj5k";"";"E.E.PU-MOULIN DU COMTE-RENNES";"228492 - CE2";"Fahel PARK001";""
"1301814";"";"Parent";"MENZIES001";"Anath";"anath.menzies001";"anath.menzies001";"6kvpnfdr";"";"E.E.PU-MOULIN DU COMTE-RENNES";"228494 - CM1";"Deborath HORTON001";""
"292589";"";"Parent";"MILAZZO001";"Diamantine";"diamantine.milazzo001";"diamantine.milazzo001";"mcn3kjk8";"";"E.E.PU-MOULIN DU COMTE-RENNES";"228495 - CM1";"Giuseppa PAJIYAR001";""
"1663190";"";"Parent";"MILLARD001";"Emerine";"emerine.millard001";"emerine.millard001";"93cr3wvj";"";"E.E.PU-MOULIN DU COMTE-RENNES";"228504 - CE2";"";""
"1679439";"";"Parent";"MILLINGTON001";"Ovidio";"ovidio.millington001";"ovidio.millington001";"stnjg734";"";"E.E.PU-MOULIN DU COMTE-RENNES";"228495 - CM1, 228490 - CP";"Vinny TIMALSEN001, Émeline CHANTYAL001";""
"785253";"";"Parent";"FRASER001";"Gessie";"cristela.momin001";"cristela.momin001";"bjf7xcb5";"";"LGT-FELIX LE DANTEC-LANNION, E.E.PU-MOULIN DU COMTE-RENNES";"101, 108, 228503 - CE1, 228498 - CP";"Antinea MARSH001, Teano IMRAN001, Edine RAFFERTY001, Cendrine RIGHI001";""
"642048";"";"Parent";"MOMIN001";"Ilya";"ilya.momin001";"ilya.momin001";"gmzjfe8e";"";"E.E.PU-MOULIN DU COMTE-RENNES";"228490 - CP";"Boun YELAVICH001";""
"53337";"";"Parent";"MOSS001";"Kenna";"kenna.moss001";"kenna.moss001";"smvvrpxp";"";"E.E.PU-MOULIN DU COMTE-RENNES";"228503 - CE1";"Keliana FIORILLO001";""
"21724";"";"Parent";"MUDABHARI001";"Robin";"robin.mudabhari001";"robin.mudabhari001";"44fwzemt";"";"E.E.PU-MOULIN DU COMTE-RENNES";"228495 - CM1";"Kaled WATAR001";""
"548670";"";"Parent";"MUFEEDA001";"Timaé";"timae.mufeeda001";"timae.mufeeda001";"6j6kpnrk";"";"E.E.PU-MOULIN DU COMTE-RENNES";"228498 - CP";"Marie-Beatrix GREENING001";""
"1012067";"";"Parent";"MULLARKEY001";"Rachana";"rachana.mullarkey001";"rachana.mullarkey001";"3cm6yjhy";"";"E.E.PU-MOULIN DU COMTE-RENNES";"228502 - CE1";"";""
"163944";"";"Parent";"URAMV001";"Sevgi";"lucylle.nair001";"lucylle.nair001";"jebj3z5a";"";"LPO-PAUL SERUSIER-CARHAIX-PLOUGUER, E.E.PU-MOULIN DU COMTE-RENNES";"TA, 228498 - CP";"Alija GALASSO001, Sellam LUPI001";""
"636181";"";"Parent";"NAUSHAD001";"Mahyna";"mahyna.naushad001";"mahyna.naushad001";"ty6sxmre";"";"E.E.PU-MOULIN DU COMTE-RENNES";"228504 - CE2";"Rito VALLI001";""
"967247";"";"Parent";"NAZLEEN001";"Galen";"galen.nazleen001";"galen.nazleen001";"h39dw6pk";"";"E.E.PU-MOULIN DU COMTE-RENNES";"228503 - CE1";"Yolita INASA001";""
"279263";"";"Parent";"NEALE001";"Calum";"calum.neale001";"calum.neale001";"hkbenmed";"";"E.E.PU-MOULIN DU COMTE-RENNES";"228494 - CM1, 228498 - CP";"Ahmed-Amine SHAZLEEN001, Sabas VENTURELLI001";""
"1901933";"";"Parent";"NEEZA001";"Margarete";"margarete.neeza001";"margarete.neeza001";"nm3xt8h4";"";"E.E.PU-MOULIN DU COMTE-RENNES";"228504 - CE2";"Loumea BERGAGNIN001";""
"1934423";"";"Parent";"NEPAL001";"Shaine";"shaine.nepal001";"shaine.nepal001";"ezt4s3nb";"";"E.E.PU-MOULIN DU COMTE-RENNES";"228502 - CE1";"Tijany ROSSO001";""
"1132302";"";"Parent";"NEPALI001";"Maidine";"maidine.nepali001";"maidine.nepali001";"3ygkmjt8";"";"E.E.PU-MOULIN DU COMTE-RENNES";"228503 - CE1";"Singrid RAHEEMA001";""
"1010613";"";"Parent";"BHUSAL001";"Wassef";"rabat.neville001";"rabat.neville001";"zmebypfd";"";"CLG-DU QUERPON-VAL D'ANAST, E.E.PU-MOULIN DU COMTE-RENNES";"5A, 228495 - CM1";"Emie O'SHEA001, Mezyane RIZA001";""
"544846";"";"Parent";"NIANGALY001";"Auxence";"auxence.niangaly001";"auxence.niangaly001";"pkjzacyn";"";"E.E.PU-MOULIN DU COMTE-RENNES";"228510 - CM2";"Prescilya GENOVESE001";""
"830815";"";"Parent";"NICOLAI001";"Sahël";"sahel.nicolai001";"sahel.nicolai001";"v5psvncb";"";"E.E.PU-MOULIN DU COMTE-RENNES";"228510 - CM2";"Diora ZIYADHA001";""
"1807965";"";"Parent";"NIGHTINGALE001";"Timahé";"timahe.nightingale001";"timahe.nightingale001";"jfzgb8mx";"";"E.E.PU-MOULIN DU COMTE-RENNES";"228502 - CE1";"";""
"1624954";"";"Parent";"NIRAUL001";"Felina";"felina.niraul001";"felina.niraul001";"73gm63cj";"";"E.E.PU-MOULIN DU COMTE-RENNES";"228502 - CE1";"Fethy MANIKU001";""
"145163";"";"Parent";"NOBBS-MCCOWAN001";"Salvadore";"salvadore.nobbs-mccowan001";"salvadore.nobbs-mccowan001";"ge8f8mps";"";"E.E.PU-MOULIN DU COMTE-RENNES";"228502 - CE1, 228503 - CE1";"Élinor NAU001, Adrianna MAZZA001";""
"1971848";"";"Parent";"NOOMAN001";"Romualdo";"romualdo.nooman001";"romualdo.nooman001";"fby745jj";"";"E.E.PU-MOULIN DU COMTE-RENNES";"228510 - CM2";"Nayana CASTELLANI001";""
"434943";"";"Parent";"NOWELL001";"Ademar";"ademar.nowell001";"ademar.nowell001";"mk8tjz8v";"";"E.E.PU-MOULIN DU COMTE-RENNES";"228504 - CE2";"Tého KAPADI001";""
"186398";"";"Parent";"NUGENT001";"Astou";"astou.nugent001";"astou.nugent001";"pvhfzgt3";"";"E.E.PU-MOULIN DU COMTE-RENNES";"228503 - CE1";"Narayan SIFAZ001";""
"1317789";"";"Parent";"SABAH001";"Inâya";"aloysia.nyasur001";"aloysia.nyasur001";"f7dz9pc5";"";"LP-JEAN CHAPTAL-QUIMPER, E.E.PU-MOULIN DU COMTE-RENNES";"1SRC2, 228498 - CP";"Ilhann SOTI001, Tamas CAHILL001";""
"884581";"";"Parent";"NYHAN001";"Audrey";"audrey.nyhan001";"audrey.nyhan001";"48c7z8y9";"";"E.E.PU-MOULIN DU COMTE-RENNES";"228503 - CE1";"";""
"1094946";"";"Parent";"CUMMINS001";"Concha";"kailyn.odriscoll001";"kailyn.odriscoll001";"838b5e5z";"";"CLG-JEAN-MARIE LE BRIS-DOUARNENEZ, E.E.PU-MOULIN DU COMTE-RENNES";"5F, 228495 - CM1";"Falonne MARCON001, Sati MACCHI001";""
"309744";"";"Parent";"O'HARE001";"Lenis";"lenis.ohare001";"lenis.ohare001";"4zd8h58m";"";"E.E.PU-MOULIN DU COMTE-RENNES";"228503 - CE1";"Narayan SIFAZ001";""
"161250";"";"Parent";"O'HARE001";"Wisdom";"wisdom.ohare001";"wisdom.ohare001";"x9t4fy3n";"";"E.E.PU-MOULIN DU COMTE-RENNES";"228495 - CM1, 228502 - CE1";"Manuelle TOOMEY001, Siley IANNONE001";""
"423111";"";"Parent";"OSBOURNE001";"Xavier-François";"xavier-francois.osbourne001";"xavier-francois.osbourne001";"p43pn5ye";"";"E.E.PU-MOULIN DU COMTE-RENNES";"228510 - CM2, 228492 - CE2, 228503 - CE1";"Pierryck LOMAWAI001, Jael WHARTON001, Lofti NAGLE001";""
"1765026";"";"Parent";"OSHEA001";"Thoraya";"thoraya.oshea001";"thoraya.oshea001";"x3prvarb";"";"E.E.PU-MOULIN DU COMTE-RENNES";"228510 - CM2";"Cunegonde MAGRI001";""
"1115297";"2688951";"Parent";"OWEN001";"Helyett";"helyett.owen001";"helyett.owen001";"emdd6n8d";"";"E.E.PU-MOULIN DU COMTE-RENNES";"228510 - CM2";"Lou JAILAM001";"Hayan MAGGIONI001, Évana HARNEY001, Kayssan LOHARIN001"
"864433";"";"Parent";"PADHYANI001";"Saint-Prix";"saint-prix.padhyani001";"saint-prix.padhyani001";"e7wjdhsg";"";"E.E.PU-MOULIN DU COMTE-RENNES";"228504 - CE2";"Ellis WAHEO001";""
"215450";"";"Parent";"PELEP001";"Charafdine";"charafdine.pelep001";"charafdine.pelep001";"fb477f7f";"";"E.E.PU-MOULIN DU COMTE-RENNES";"228498 - CP";"Modou LAMINI001";""
"1618649";"";"Parent";"PENNINGTON001";"Tanis";"tanis.pennington001";"tanis.pennington001";"hf6f5jca";"";"E.E.PU-MOULIN DU COMTE-RENNES";"228494 - CM1";"Kader DENNEHY001";""
"1139808";"";"Parent";"BOESE001";"Élio";"kolin.phader001";"kolin.phader001";"mb4tkkch";"";"CLG-SIMONE VEIL-LAMBALLE-ARMOR, E.E.PU-MOULIN DU COMTE-RENNES";"3 B, 228490 - CP";"Ruth NASEER001, Arvin ZEENATH001";""
"1359267";"";"Parent";"O'LOUGHLIN001";"Kezian";"eloha.piscopo001";"eloha.piscopo001";"tgayzjkd";"";"LP LYC METIER-BEAUMONT-REDON, E.E.PU-MOULIN DU COMTE-RENNES";"3PMET, 228495 - CM1";"Albertine D'ANIELLO001, Baha LOI001, Erda DEMBELE001";""
"1618063";"";"Parent";"PIZZI001";"Serah";"serah.pizzi001";"serah.pizzi001";"xewzt9zc";"";"E.E.PU-MOULIN DU COMTE-RENNES";"228498 - CP";"";""
"736303";"";"Parent";"PORTER001";"Albrecht";"albrecht.porter001";"albrecht.porter001";"ssv58d7d";"";"E.E.PU-MOULIN DU COMTE-RENNES";"228494 - CM1";"Giacomo MOGEY001";""
"1757591";"";"Parent";"POUDIOUGO001";"Antonino";"antonino.poudiougo001";"antonino.poudiougo001";"mcatj45m";"";"E.E.PU-MOULIN DU COMTE-RENNES";"228498 - CP";"Héméra HAYES001";""
"478952";"";"Parent";"POWER001";"Éli";"eli.power001";"eli.power001";"z98z6xfg";"";"E.E.PU-MOULIN DU COMTE-RENNES";"228503 - CE1";"Shayane YOUNG001";""
"1410564";"";"Parent";"QUINTAL-MEAKIN001";"Jayleen";"jayleen.quintal-meakin001";"jayleen.quintal-meakin001";"mbmga4f7";"";"E.E.PU-MOULIN DU COMTE-RENNES";"228494 - CM1";"Soulaiman FLEMING001";""
"1383104";"";"Parent";"RAFEEQ001";"Kéren";"keren.rafeeq001";"keren.rafeeq001";"w4j35bfk";"";"E.E.PU-MOULIN DU COMTE-RENNES";"228495 - CM1, 228490 - CP";"Vinny TIMALSEN001, Émeline CHANTYAL001";""
"1970467";"";"Parent";"KERRIGAN001";"Ilham";"temoe.ramtel001";"temoe.ramtel001";"esny6b45";"";"CLG-JEAN RICHEPIN-PLENEUF-VAL-ANDRE, E.E.PU-MOULIN DU COMTE-RENNES";"6A, 228510 - CM2";"Graciano RUSHTON001, Imany MCGUIRK001";""
"475841";"";"Parent";"RAUSHAN001";"Moraya";"moraya.raushan001";"moraya.raushan001";"xts4rrfv";"";"E.E.PU-MOULIN DU COMTE-RENNES";"228510 - CM2";"Riheb BASSI001";""
"1102063";"";"Parent";"READ001";"Joachine";"joachine.read001";"joachine.read001";"kbrencd4";"";"E.E.PU-MOULIN DU COMTE-RENNES";"228504 - CE2";"Tého KAPADI001";""
"584815";"";"Parent";"REMIT001";"Soisik";"soisik.remit001";"soisik.remit001";"m6447zae";"";"E.E.PU-MOULIN DU COMTE-RENNES";"228492 - CE2";"Marie-Léna GABRIELE001";""
"1277387";"";"Parent";"RICHARDSON001";"Dougou";"dougou.richardson001";"dougou.richardson001";"z5xr6dj7";"";"E.E.PU-MOULIN DU COMTE-RENNES";"228504 - CE2";"Ellis WAHEO001";""
"1158872";"";"Parent";"RISHFA001";"Solène";"solene.rishfa001";"solene.rishfa001";"49b7g4s7";"";"E.E.PU-MOULIN DU COMTE-RENNES";"228494 - CM1";"Sukeina WATAR001";""
"1291878";"";"Parent";"RISHWAN001";"Sylvan";"sylvan.rishwan001";"sylvan.rishwan001";"b5xkfysp";"";"E.E.PU-MOULIN DU COMTE-RENNES";"228492 - CE2";"Kenzi ARAKH001";""
"1323332";"";"Parent";"RIZNA001";"Louise";"louise.rizna001";"louise.rizna001";"636n7fpd";"";"E.E.PU-MOULIN DU COMTE-RENNES";"228490 - CP";"Arvin ZEENATH001";""
"301189";"";"Parent";"ROHAN001";"Sofines";"sofines.rohan001";"sofines.rohan001";"dw766hag";"";"E.E.PU-MOULIN DU COMTE-RENNES";"228492 - CE2";"Bertan DALTON001";""
"1245356";"";"Parent";"ROMAGNOLI001";"Medi";"medi.romagnoli001";"medi.romagnoli001";"re353nx6";"";"E.E.PU-MOULIN DU COMTE-RENNES";"228510 - CM2";"Levis KATEL001";""
"1210013";"";"Parent";"RUTLEDGE001";"Jeden";"jeden.rutledge001";"jeden.rutledge001";"r4zjn9js";"";"E.E.PU-MOULIN DU COMTE-RENNES";"228504 - CE2";"Ozlem GUARNIERI001";""
"1384914";"";"Parent";"SAKYA001";"Courte";"courte.sakya001";"courte.sakya001";"pj4kwyn9";"";"E.E.PU-MOULIN DU COMTE-RENNES";"228494 - CM1";"Djeinabou TANKAA001";""
"556721";"";"Parent";"SALAAM001";"Maissan";"maissan.salaam001";"maissan.salaam001";"5pcpwxw5";"";"E.E.PU-MOULIN DU COMTE-RENNES";"228504 - CE2";"Vasanth O'REILLY001";""
"1744709";"";"Parent";"SAMAHATH001";"Célestine";"celestine.samahath001";"celestine.samahath001";"79vc96f5";"";"E.E.PU-MOULIN DU COMTE-RENNES";"228494 - CM1";"Giacomo MOGEY001";""
"1296245";"";"Parent";"SAMEE001";"Brandone";"brandone.samee001";"brandone.samee001";"6z3pakn9";"";"E.E.PU-MOULIN DU COMTE-RENNES";"228495 - CM1";"Sati MACCHI001";""
"1251920";"";"Parent";"SANJYAL001";"Assyah";"assyah.sanjyal001";"assyah.sanjyal001";"bgtjpn45";"";"E.E.PU-MOULIN DU COMTE-RENNES";"228510 - CM2";"Asrar RASHEEDHA001";""
"416687";"";"Parent";"SAVIO001";"Amarante";"amarante.savio001";"amarante.savio001";"jbsxp7vy";"";"E.E.PU-MOULIN DU COMTE-RENNES";"228504 - CE2";"Léonard COONEY001";""
"1571160";"";"Parent";"SCALLY001";"Beyonce";"beyonce.scally001";"beyonce.scally001";"sxtt8hm6";"";"E.E.PU-MOULIN DU COMTE-RENNES";"228498 - CP";"Paul-Lou PEARCE001";""
"1447136";"";"Parent";"SCHIAVO001";"Lucinda";"lucinda.schiavo001";"lucinda.schiavo001";"f3vnrxxm";"";"E.E.PU-MOULIN DU COMTE-RENNES";"228503 - CE1";"";""
"1404726";"2248186";"Parent";"SESA001";"Andressa";"andressa.sesa001";"andressa.sesa001";"cnwr4nd6";"";"E.E.PU-MOULIN DU COMTE-RENNES";"228498 - CP";"Mimouna TREANOR001";"Sydney KONE001, Marc-François MCINTYRE001"
"802955";"";"Parent";"SHAFEEGA001";"Anel";"anel.shafeega001";"anel.shafeega001";"aa53byzs";"";"E.E.PU-MOULIN DU COMTE-RENNES";"228494 - CM1";"Sanka HALPIN001";""
"1027772";"";"Parent";"RIMAL001";"Firmin";"noahn.shakeeba001";"noahn.shakeeba001";"fzypffw8";"";"LP-COETLOGON-RENNES, E.E.PU-MOULIN DU COMTE-RENNES";"2-MTNE2, 228510 - CM2";"Norden BRUNETTI001, Asen NAEEMA001";""
"1006426";"";"Parent";"SHAUGHNESSY001";"Swen";"swen.shaughnessy001";"swen.shaughnessy001";"8hhpsv5d";"";"E.E.PU-MOULIN DU COMTE-RENNES";"228498 - CP";"Aimé GROSE001";""
"27570";"";"Parent";"SHIBANA001";"Jaeden";"jaeden.shibana001";"jaeden.shibana001";"wbp8wtwv";"";"E.E.PU-MOULIN DU COMTE-RENNES";"228494 - CM1";"";""
"842953";"";"Parent";"SHIFAZ001";"Ivo";"ivo.shifaz001";"ivo.shifaz001";"nevv35f6";"";"E.E.PU-MOULIN DU COMTE-RENNES";"228494 - CM1";"Roberto RAJABHAR001";""
"1579455";"1031582";"Parent";"SHUHAD001";"Aliah";"aliah.shuhad001";"aliah.shuhad001";"vx5xa85m";"";"E.E.PU-MOULIN DU COMTE-RENNES";"228494 - CM1";"Diamant SAMPSON001";"Anjel FRANCISCO001, Tassadite MONAHAN001, Asima LYNAM001"
"692932";"";"Parent";"SIMKHAD001";"Camron";"camron.simkhad001";"camron.simkhad001";"8mg5awnj";"";"E.E.PU-MOULIN DU COMTE-RENNES";"228510 - CM2";"Cunegonde MAGRI001";""
"429096";"";"Parent";"SIYAZ001";"Efsa";"efsa.siyaz001";"efsa.siyaz001";"tsrk3s36";"";"E.E.PU-MOULIN DU COMTE-RENNES";"228495 - CM1";"Yamine BLACKBURN001";""
"1556411";"";"Parent";"SOMERS001";"Adrianne";"adrianne.somers001";"adrianne.somers001";"eyfmk8mr";"";"E.E.PU-MOULIN DU COMTE-RENNES";"228503 - CE1";"Shayane YOUNG001";""
"1041938";"";"Parent";"STOTT001";"Guy-Daniel";"guy-daniel.stott001";"guy-daniel.stott001";"x6phnk98";"";"E.E.PU-MOULIN DU COMTE-RENNES";"228502 - CE1";"Gorica CAVALLARO001";""
"1990205";"";"Parent";"SKELLY001";"Kanza";"orokia.subba001";"orokia.subba001";"pttzffke";"";"CLG-FRANCOIS LORANT-MONCONTOUR, E.E.PU-MOULIN DU COMTE-RENNES";"6D, 228490 - CP";"Stewen SALMA001, Saule SHAZIYYA001";""
"1779888";"";"Parent";"SUGRUE001";"Ali-Riza";"ali-riza.sugrue001";"ali-riza.sugrue001";"br4kgz3w";"";"E.E.PU-MOULIN DU COMTE-RENNES";"228502 - CE1";"Fethy MANIKU001";""
"1005178";"";"Parent";"SURYAVANSI001";"Oways";"oways.suryavansi001";"oways.suryavansi001";"gkf6mk7x";"";"E.E.PU-MOULIN DU COMTE-RENNES";"228504 - CE2, 228498 - CP";"Bambo CAVANAGH001, Noame MILLINGTON001";""
"1435514";"";"Parent";"SUZANA001";"Jordi";"jordi.suzana001";"jordi.suzana001";"dzy7xz5p";"";"E.E.PU-MOULIN DU COMTE-RENNES";"228495 - CM1";"Leely LILLEY001";""
"107053";"";"Parent";"SWAN001";"Kaelig";"kaelig.swan001";"kaelig.swan001";"yh58rayn";"";"E.E.PU-MOULIN DU COMTE-RENNES";"228492 - CE2";"Kyssia WEST001";""
"1979308";"";"Parent";"SWARA001";"Margarita";"margarita.swara001";"margarita.swara001";"kcbh3mng";"";"E.E.PU-MOULIN DU COMTE-RENNES";"228492 - CE2";"Fahel PARK001";""
"227380";"";"Parent";"TAGLIAFERRI001";"Seren";"seren.tagliaferri001";"seren.tagliaferri001";"pyfdfcv9";"";"E.E.PU-MOULIN DU COMTE-RENNES";"228510 - CM2";"Gwenael BAISY001";""
"355194";"";"Parent";"TATWA001";"Aldine";"aldine.tatwa001";"aldine.tatwa001";"phfvvhtx";"";"E.E.PU-MOULIN DU COMTE-RENNES";"228504 - CE2, 228490 - CP";"Arbnor OGDEN001, Abira BISTA001";""
"1983897";"";"Parent";"TEME001";"Djelani";"djelani.teme001";"djelani.teme001";"fp547j3m";"";"E.E.PU-MOULIN DU COMTE-RENNES";"228492 - CE2";"Marie-Léna GABRIELE001";""
"633926";"";"Parent";"THAKURI001";"Mandie";"mandie.thakuri001";"mandie.thakuri001";"fwwwp7y8";"";"E.E.PU-MOULIN DU COMTE-RENNES";"228494 - CM1, 228498 - CP";"Kentyn NAHUZA001, Lealine ZIMNA001";""
"506521";"";"Parent";"THOLAAL001";"Mitsuko";"mitsuko.tholaal001";"mitsuko.tholaal001";"48bv3edf";"";"E.E.PU-MOULIN DU COMTE-RENNES";"228510 - CM2";"Levis KATEL001";""
"586624";"";"Parent";"BOLER001";"Vedran";"mirah.timalsen001";"mirah.timalsen001";"hmy73c87";"";"LPO-YVES THEPOT-QUIMPER, E.E.PU-MOULIN DU COMTE-RENNES";"1RISC, 228492 - CE2, 228490 - CP";"Ramiz GUINAN001, Karina ZINAH001, Ly JENKINS001";""
"1911639";"";"Parent";"TIMMONS001";"Jarno";"jarno.timmons001";"jarno.timmons001";"rpze8nwy";"";"E.E.PU-MOULIN DU COMTE-RENNES";"228494 - CM1";"Aléandro TAMANAG001";""
"1817847";"";"Parent";"TODD001";"Sady";"sady.todd001";"sady.todd001";"cc4rjkpn";"";"E.E.PU-MOULIN DU COMTE-RENNES";"228490 - CP";"Seny NAIF001";""
"210867";"";"Parent";"TOMAT001";"June";"june.tomat001";"june.tomat001";"p4xrxb48";"";"E.E.PU-MOULIN DU COMTE-RENNES";"228495 - CM1, 228502 - CE1";"Manuelle TOOMEY001, Siley IANNONE001";""
"1917680";"";"Parent";"TOOMEY001";"Safak";"safak.toomey001";"safak.toomey001";"nnnr4ytd";"";"E.E.PU-MOULIN DU COMTE-RENNES";"228495 - CM1";"Maiko KATWAL001, Marie-Denise BEVAN001";""
"872152";"";"Parent";"TRAKULSRI001";"Cham";"cham.trakulsri001";"cham.trakulsri001";"tea37bxc";"";"E.E.PU-MOULIN DU COMTE-RENNES";"228495 - CM1";"Anouck KEAVENEY001";""
"412844";"";"Parent";"TWOMEY001";"Safia";"safia.twomey001";"safia.twomey001";"3s48evx5";"";"E.E.PU-MOULIN DU COMTE-RENNES";"228498 - CP";"Héméra HAYES001";""
"1693918";"";"Parent";"UGOLINI001";"Chems-Eddine";"chems-eddine.ugolini001";"chems-eddine.ugolini001";"x37rpk6m";"";"E.E.PU-MOULIN DU COMTE-RENNES";"228504 - CE2";"Loumea BERGAGNIN001";""
"1059311";"";"Parent";"UMLAUFT001";"Idene";"idene.umlauft001";"idene.umlauft001";"vk58epea";"";"E.E.PU-MOULIN DU COMTE-RENNES";"228498 - CP";"Gines PERIN001";""
"711201";"";"Parent";"RAHMAAN001";"Maddyson";"laura-lee.unais001";"laura-lee.unais001";"twrxtfew";"";"CLG-AMAND BRIONNE-SAINT-AUBIN-D'AUBIGNE, E.E.PU-MOULIN DU COMTE-RENNES";"6F, 228510 - CM2";"Lindy FALCO001, Diora ZIYADHA001";""
"428501";"";"Parent";"WADEEFA001";"Sabrino";"sabrino.wadeefa001";"sabrino.wadeefa001";"w78p454w";"";"E.E.PU-MOULIN DU COMTE-RENNES";"228503 - CE1";"";""
"923946";"";"Parent";"WAMYTAN001";"Tibo";"tibo.wamytan001";"tibo.wamytan001";"f8cm4ca9";"";"E.E.PU-MOULIN DU COMTE-RENNES";"228494 - CM1";"Farrell TOSI001";""
"1906619";"";"Parent";"EDMONDS001";"Haiden";"brayton.waraghare001";"brayton.waraghare001";"jcdxmsek";"";"CLG-JACQUES BREL-NOYAL-SUR-VILAINE, E.E.PU-MOULIN DU COMTE-RENNES";"6C, 4B, 228504 - CE2, 228490 - CP";"Kylliane CURRY001, Tristan GOLDING001, Linsey KEYES001, Nesli GILROY001";""
"104693";"";"Parent";"WHITTAKER001";"Marie-Agathe";"marie-agathe.whittaker001";"marie-agathe.whittaker001";"bh5p6hgg";"";"E.E.PU-MOULIN DU COMTE-RENNES";"228502 - CE1";"Marie-Karine BIANCO001";""
"74727";"";"Parent";"WHITTLE001";"Bafode";"bafode.whittle001";"bafode.whittle001";"cvdw74m5";"";"E.E.PU-MOULIN DU COMTE-RENNES";"228504 - CE2";"Rito VALLI001";""
"1717677";"";"Parent";"WHYTE001";"Edie";"edie.whyte001";"edie.whyte001";"k8vw4jzv";"";"E.E.PU-MOULIN DU COMTE-RENNES";"228494 - CM1";"Kevser DELFINO001";""
"1567806";"";"Parent";"YASFA001";"Gwezheneg";"gwezheneg.yasfa001";"gwezheneg.yasfa001";"f53kcvws";"";"LPO-VAUBAN-BREST, E.E.PU-MOULIN DU COMTE-RENNES";"TG01, TT02, BTS1SN, DE2, 228510 - CM2";"Aloé MARAR001, Goery RASHID001";""
"1415223";"";"Parent";"YORUW001";"Jean-Vital";"jean-vital.yoruw001";"jean-vital.yoruw001";"kkhn3rw9";"";"E.E.PU-MOULIN DU COMTE-RENNES";"228490 - CP";"Zafir TALL001";""
"1723420";"";"Parent";"ZAMEEL001";"Nelio";"nelio.zameel001";"nelio.zameel001";"vxrrz5h6";"";"E.E.PU-MOULIN DU COMTE-RENNES";"228510 - CM2, 228502 - CE1";"Talib VARAHI001, Cybellia MACNAMARA001";""
"796826";"";"Parent";"ZANONI001";"Tyssem";"tyssem.zanoni001";"tyssem.zanoni001";"fr646ca3";"";"E.E.PU-MOULIN DU COMTE-RENNES";"228510 - CM2, 228502 - CE1";"Talib VARAHI001, Cybellia MACNAMARA001";""
"29624";"";"Parent";"ZAREENA001";"Maryama";"maryama.zareena001";"maryama.zareena001";"kzwfbd6e";"";"E.E.PU-MOULIN DU COMTE-RENNES";"228492 - CE2";"Janvier PICCININI001";""
"617830";"";"Parent";"ZEENA001";"Mezyan";"mezyan.zeena0012";"mezyan.zeena0012";"zndz4zhs";"";"E.E.PU-MOULIN DU COMTE-RENNES";"228494 - CM1";"Soulaiman FLEMING001";""
"1592445";"";"Parent";"ZEENA001";"Mezyan";"mezyan.zeena001";"mezyan.zeena001";"ekghcnnt";"";"E.E.PU-MOULIN DU COMTE-RENNES";"228490 - CP";"Keyaan NAFHA001";""
